<?xml version="1.0" encoding="UTF-8"?>
<completions>
    <set name="php.core.functions.calendar">
        <completion string="cal_days_in_month">
            <behavior symbol="function">
                <append>($[$calendar], $[$month], $[$year])</append>
            </behavior>
        </completion>
        <completion string="cal_from_jd">
            <behavior symbol="function">
                <append>($[$jd], $[$calendar])</append>
            </behavior>
        </completion>
        <completion string="cal_info">
            <behavior symbol="function">
                <append>($[$calendar = -1])</append>
            </behavior>
        </completion>
        <completion string="cal_to_jd">
            <behavior symbol="function">
                <append>($[$calendar], $[$month], $[$day], $[$year])</append>
            </behavior>
        </completion>
        <completion string="easter_date">
            <behavior symbol="function">
                <append>($[$year])</append>
            </behavior>
        </completion>
        <completion string="easter_days">
            <behavior symbol="function">
                <append>()</append>
            </behavior>
        </completion>
        <completion string="frenchtojd">
            <behavior symbol="function">
                <append>($[$month], $[$day], $[$year])</append>
            </behavior>
        </completion>
        <completion string="gregoriantojd">
            <behavior symbol="function">
                <append>($[$month], $[$day], $[$year])</append>
            </behavior>
        </completion>
        <completion string="jddayofweek">
            <behavior symbol="function">
                <append>($[$julian_day])</append>
            </behavior>
        </completion>
        <completion string="jdmonthname">
            <behavior symbol="function">
                <append>($[$julian_day], $[$mode])</append>
            </behavior>
        </completion>
        <completion string="jdtofrench">
            <behavior symbol="function">
                <append>($[$julian_day])</append>
            </behavior>
        </completion>
        <completion string="jdtogregorian">
            <behavior symbol="function">
                <append>($[$julian_day])</append>
            </behavior>
        </completion>
        <completion string="jdtojewish">
            <behavior symbol="function">
                <append>($[$julian_day])</append>
            </behavior>
        </completion>
        <completion string="jdtojulian">
            <behavior symbol="function">
                <append>($[$julian_day])</append>
            </behavior>
        </completion>
        <completion string="jdtounix">
            <behavior symbol="function">
                <append>($[$julian_day])</append>
            </behavior>
        </completion>
        <completion string="juliantojd">
            <behavior symbol="function">
                <append>($[$month], $[$day], $[$year])</append>
            </behavior>
        </completion>
        <completion string="jewishtojd">
            <behavior symbol="function">
                <append>($[$month], $[$day], $[$year])</append>
            </behavior>
        </completion>
        <completion string="unixtojd">
            <behavior symbol="function">
                <append>($[$timestamp])</append>
            </behavior>
        </completion>
    </set>
</completions>
