<?xml version="1.0" encoding="UTF-8"?>
<completions>
    <set name="php.core.functions.datetime">
        <completion string="checkdate">
            <behavior symbol="function">
                <append>($[$month], $[$day], $[$year])</append>
            </behavior>
        </completion>
        <completion string="date">
            <behavior symbol="function">
                <append>($[$format])</append>
            </behavior>
        </completion>
        <completion string="date_add">
            <behavior symbol="function">
                <append>($[$object], $[$interval])</append>
            </behavior>
        </completion>
        <completion string="date_create">
            <behavior symbol="function">
                <append>()</append>
            </behavior>
        </completion>
        <completion string="date_create_from_format">
            <behavior symbol="function">
                <append>($[$format], $[$datetime])</append>
            </behavior>
        </completion>
        <completion string="date_create_immutable_from_format">
            <behavior symbol="function">
                <append>($[$format], $[$datetime])</append>
            </behavior>
        </completion>
        <completion string="date_create_immutable">
            <behavior symbol="function">
                <append>()</append>
            </behavior>
        </completion>
        <completion string="date_date_set">
            <behavior symbol="function">
                <append>($[$object], $[$year], $[$month], $[$day])</append>
            </behavior>
        </completion>
        <completion string="date_default_timezone_get">
            <behavior symbol="function">
                <append>()</append>
            </behavior>
        </completion>
        <completion string="date_default_timezone_set">
            <behavior symbol="function">
                <append>($[$timezoneId])</append>
            </behavior>
        </completion>
        <completion string="date_diff">
            <behavior symbol="function">
                <append>($[$baseObject], $[$targetObject])</append>
            </behavior>
        </completion>
        <completion string="date_format">
            <behavior symbol="function">
                <append>($[$object], $[$format])</append>
            </behavior>
        </completion>
        <completion string="date_get_last_errors">
            <behavior symbol="function">
                <append>($[$object])</append>
            </behavior>
        </completion>
        <completion string="date_interval_create_from_date_string">
            <behavior symbol="function">
                <append>($[$datetime])</append>
            </behavior>
        </completion>
        <completion string="date_interval_format">
            <behavior symbol="function">
                <append>($[$format])</append>
            </behavior>
        </completion>
        <completion string="date_isodate_set">
            <behavior symbol="function">
                <append>($[$object], $[$year], $[$week], $[$dayOfWeek])</append>
            </behavior>
        </completion>
        <completion string="date_modify">
            <behavior symbol="function">
                <append>($[$object], $[$modifier])</append>
            </behavior>
        </completion>
        <completion string="date_offset_get">
            <behavior symbol="function">
                <append>($[$object])</append>
            </behavior>
        </completion>
        <completion string="date_parse_from_format">
            <behavior symbol="function">
                <append>($[$format], $[$date])</append>
            </behavior>
        </completion>
        <completion string="date_parse">
            <behavior symbol="function">
                <append>($[$datetime])</append>
            </behavior>
        </completion>
        <completion string="date_sub">
            <behavior symbol="function">
                <append>($[$object], $[$interval])</append>
            </behavior>
        </completion>
        <completion string="date_sun_info">
            <behavior symbol="function">
                <append>($[$timestamp], $[$latitude], $[$longitude])</append>
            </behavior>
        </completion>
        <completion string="date_sunrise">
            <behavior symbol="function">
                <append>($[$timestamp])</append>
            </behavior>
        </completion>
        <completion string="date_sunset">
            <behavior symbol="function">
                <append>($[$timestamp])</append>
            </behavior>
        </completion>
        <completion string="date_time_set">
            <behavior symbol="function">
                <append>($[$object], $[$hour], $[$minute], $[$second])</append>
            </behavior>
        </completion>
        <completion string="date_timestamp_get">
            <behavior symbol="function">
                <append>($[$object])</append>
            </behavior>
        </completion>
        <completion string="date_timestamp_set">
            <behavior symbol="function">
                <append>($[$object], $[$timestamp])</append>
            </behavior>
        </completion>
        <completion string="date_timezone_get">
            <behavior symbol="function">
                <append>($[$object])</append>
            </behavior>
        </completion>
        <completion string="date_timezone_set">
            <behavior symbol="function">
                <append>($[$object], $[$timezone])</append>
            </behavior>
        </completion>
        <completion string="getdate">
            <behavior symbol="function">
                <append>()</append>
            </behavior>
        </completion>
        <completion string="gettimeofday">
            <behavior symbol="function">
                <append>()</append>
            </behavior>
        </completion>
        <completion string="gmdate">
            <behavior symbol="function">
                <append>($[$format])</append>
            </behavior>
        </completion>
        <completion string="gmmktime">
            <behavior symbol="function">
                <append>($[$hour], $[$minute], $[$second], $[$month], $[$day], $[$year])</append>
            </behavior>
        </completion>
        <completion string="gmstrftime">
            <behavior symbol="function">
                <append>($[$format])</append>
            </behavior>
        </completion>
        <completion string="idate">
            <behavior symbol="function">
                <append>($[$format])</append>
            </behavior>
        </completion>
        <completion string="localtime">
            <behavior symbol="function">
                <append>()</append>
            </behavior>
        </completion>
        <completion string="microtime">
            <behavior symbol="function">
                <append>($[bool $get_as_float = false])</append>
            </behavior>
        </completion>
        <completion string="mktime">
            <behavior symbol="function">
                <append>($[$hour], $[$minute], $[$second], $[$month], $[$day], $[$year])</append>
            </behavior>
        </completion>
        <completion string="strftime">
            <behavior symbol="function">
                <append>($[$format])</append>
            </behavior>
        </completion>
        <completion string="strptime">
            <behavior symbol="function">
                <append>($[$date], $[$format])</append>
            </behavior>
        </completion>
        <completion string="strtotime">
            <behavior symbol="function">
                <append>($[$datetime])</append>
            </behavior>
        </completion>
        <completion string="time">
            <behavior symbol="function">
                <append>()</append>
            </behavior>
        </completion>
        <completion string="timezone_abbreviations_list">
            <behavior symbol="function">
                <append>()</append>
            </behavior>
        </completion>
        <completion string="timezone_identifiers_list">
            <behavior symbol="function">
                <append>()</append>
            </behavior>
        </completion>
        <completion string="timezone_location_get">
            <behavior symbol="function">
                <append>($[$object])</append>
            </behavior>
        </completion>
        <completion string="timezone_name_from_abbr">
            <behavior symbol="function">
                <append>($[$abbr])</append>
            </behavior>
        </completion>
        <completion string="timezone_name_get">
            <behavior symbol="function">
                <append>($[$object])</append>
            </behavior>
        </completion>
        <completion string="timezone_offset_get">
            <behavior symbol="function">
                <append>($[$object], $[$datetime])</append>
            </behavior>
        </completion>
        <completion string="timezone_open">
            <behavior symbol="function">
                <append>($[$timezone])</append>
            </behavior>
        </completion>
        <completion string="timezone_transitions_get">
            <behavior symbol="function">
                <append>($[$object])</append>
            </behavior>
        </completion>
        <completion string="timezone_version_get">
            <behavior symbol="function">
                <append>()</append>
            </behavior>
        </completion>
    </set>
</completions>
