<?xml version="1.0" encoding="UTF-8"?>
<completions>
    <set name="php.core.functions.dbplus">
        <completion string="dbplus_add">
            <behavior symbol="function">
                <append>($[$relation], $[$tuple])</append>
            </behavior>
        </completion>
        <completion string="dbplus_aql">
            <behavior symbol="function">
                <append>($[$query])</append>
            </behavior>
        </completion>
        <completion string="dbplus_chdir">
            <behavior symbol="function">
                <append>($[$newdir])</append>
            </behavior>
        </completion>
        <completion string="dbplus_close">
            <behavior symbol="function">
                <append>($[$relation])</append>
            </behavior>
        </completion>
        <completion string="dbplus_curr">
            <behavior symbol="function">
                <append>($[$relation], $[&amp;$tuple])</append>
            </behavior>
        </completion>
        <completion string="dbplus_errcode">
            <behavior symbol="function">
                <append>($[$errno])</append>
            </behavior>
        </completion>
        <completion string="dbplus_errno">
            <behavior symbol="function">
                <append>()</append>
            </behavior>
        </completion>
        <completion string="dbplus_find">
            <behavior symbol="function">
                <append>($[$relation], $[$constraints], $[$tuple])</append>
            </behavior>
        </completion>
        <completion string="dbplus_first">
            <behavior symbol="function">
                <append>($[$relation], $[&amp;$tuple])</append>
            </behavior>
        </completion>
        <completion string="dbplus_flush">
            <behavior symbol="function">
                <append>($[$relation])</append>
            </behavior>
        </completion>
        <completion string="dbplus_freealllocks">
            <behavior symbol="function">
                <append>()</append>
            </behavior>
        </completion>
        <completion string="dbplus_freelock">
            <behavior symbol="function">
                <append>($[$relation], $[$tuple])</append>
            </behavior>
        </completion>
        <completion string="dbplus_freerlocks">
            <behavior symbol="function">
                <append>($[$relation])</append>
            </behavior>
        </completion>
        <completion string="dbplus_getlock">
            <behavior symbol="function">
                <append>($[$relation], $[$tuple])</append>
            </behavior>
        </completion>
        <completion string="dbplus_getunique">
            <behavior symbol="function">
                <append>($[$relation], $[$uniqueid])</append>
            </behavior>
        </completion>
        <completion string="dbplus_info">
            <behavior symbol="function">
                <append>($[$relation], $[$key], $[&amp;$result])</append>
            </behavior>
        </completion>
        <completion string="dbplus_last">
            <behavior symbol="function">
                <append>($[$relation], $[&amp;$tuple])</append>
            </behavior>
        </completion>
        <completion string="dbplus_lockrel">
            <behavior symbol="function">
                <append>($[$relation])</append>
            </behavior>
        </completion>
        <completion string="dbplus_next">
            <behavior symbol="function">
                <append>($[$relation], $[&amp;$tuple])</append>
            </behavior>
        </completion>
        <completion string="dbplus_open">
            <behavior symbol="function">
                <append>($[$name])</append>
            </behavior>
        </completion>
        <completion string="dbplus_prev">
            <behavior symbol="function">
                <append>($[$relation], $[&amp;$tuple])</append>
            </behavior>
        </completion>
        <completion string="dbplus_rchperm">
            <behavior symbol="function">
                <append>($[$relation], $[$mask], $[$user], $[$group])</append>
            </behavior>
        </completion>
        <completion string="dbplus_rcreate">
            <behavior symbol="function">
                <append>($[$name], $[$domlist])</append>
            </behavior>
        </completion>
        <completion string="dbplus_rcrtexact">
            <behavior symbol="function">
                <append>($[$name], $[$relation])</append>
            </behavior>
        </completion>
        <completion string="dbplus_rcrtlike">
            <behavior symbol="function">
                <append>($[$name], $[$relation])</append>
            </behavior>
        </completion>
        <completion string="dbplus_resolve">
            <behavior symbol="function">
                <append>($[$relation_name])</append>
            </behavior>
        </completion>
        <completion string="dbplus_restorepos">
            <behavior symbol="function">
                <append>($[$relation], $[$tuple])</append>
            </behavior>
        </completion>
        <completion string="dbplus_rkeys">
            <behavior symbol="function">
                <append>($[$relation], $[$domlist])</append>
            </behavior>
        </completion>
        <completion string="dbplus_ropen">
            <behavior symbol="function">
                <append>($[$name])</append>
            </behavior>
        </completion>
        <completion string="dbplus_rquery">
            <behavior symbol="function">
                <append>($[$query])</append>
            </behavior>
        </completion>
        <completion string="dbplus_rrename">
            <behavior symbol="function">
                <append>($[$relation], $[$name])</append>
            </behavior>
        </completion>
        <completion string="dbplus_rsecindex">
            <behavior symbol="function">
                <append>($[$relation], $[$domlist], $[$type])</append>
            </behavior>
        </completion>
        <completion string="dbplus_runlink">
            <behavior symbol="function">
                <append>($[$relation])</append>
            </behavior>
        </completion>
        <completion string="dbplus_rzap">
            <behavior symbol="function">
                <append>($[$relation])</append>
            </behavior>
        </completion>
        <completion string="dbplus_savepos">
            <behavior symbol="function">
                <append>($[$relation])</append>
            </behavior>
        </completion>
        <completion string="dbplus_setindex">
            <behavior symbol="function">
                <append>($[$relation], $[$idx_name])</append>
            </behavior>
        </completion>
        <completion string="dbplus_setindexbynumber">
            <behavior symbol="function">
                <append>($[$relation], $[$idx_number])</append>
            </behavior>
        </completion>
        <completion string="dbplus_sql">
            <behavior symbol="function">
                <append>($[$query])</append>
            </behavior>
        </completion>
        <completion string="dbplus_tcl">
            <behavior symbol="function">
                <append>($[$sid], $[$script])</append>
            </behavior>
        </completion>
        <completion string="dbplus_tremove">
            <behavior symbol="function">
                <append>($[$relation], $[$tuple])</append>
            </behavior>
        </completion>
        <completion string="dbplus_undo">
            <behavior symbol="function">
                <append>($[$relation])</append>
            </behavior>
        </completion>
        <completion string="dbplus_undoprepare">
            <behavior symbol="function">
                <append>($[$relation])</append>
            </behavior>
        </completion>
        <completion string="dbplus_unlockrel">
            <behavior symbol="function">
                <append>($[$relation])</append>
            </behavior>
        </completion>
        <completion string="dbplus_unselect">
            <behavior symbol="function">
                <append>($[$relation])</append>
            </behavior>
        </completion>
        <completion string="dbplus_update">
            <behavior symbol="function">
                <append>($[$relation], $[$old], $[$new])</append>
            </behavior>
        </completion>
        <completion string="dbplus_xlockrel">
            <behavior symbol="function">
                <append>($[$relation])</append>
            </behavior>
        </completion>
        <completion string="dbplus_xunlockrel">
            <behavior symbol="function">
                <append>($[$relation])</append>
            </behavior>
        </completion>
    </set>
</completions>
