<?xml version="1.0" encoding="UTF-8"?>
<completions>
    <set name="php.core.functions.directories">
        <completion string="chdir">
            <behavior symbol="function">
                <append>($[$directory])</append>
            </behavior>
        </completion>
        <completion string="chroot">
            <behavior symbol="function">
                <append>($[$directory])</append>
            </behavior>
        </completion>
        <completion string="closedir">
            <behavior symbol="function">
                <append>($[$dir_handle])</append>
            </behavior>
        </completion>
        <completion string="dir">
            <behavior symbol="function">
                <append>($[$directory])</append>
            </behavior>
        </completion>
        <completion string="getcwd">
            <behavior symbol="function">
                <append>()</append>
            </behavior>
        </completion>
        <completion string="opendir">
            <behavior symbol="function">
                <append>($[$path])</append>
            </behavior>
        </completion>
        <completion string="readdir">
            <behavior symbol="function">
                <append>($[$dir_handle])</append>
            </behavior>
        </completion>
        <completion string="rewinddir">
            <behavior symbol="function">
                <append>($[$dir_handle])</append>
            </behavior>
        </completion>
        <completion string="scandir">
            <behavior symbol="function">
                <append>($[$directory])</append>
            </behavior>
        </completion>
    </set>
</completions>
