<?xml version="1.0" encoding="UTF-8"?>
<completions>
    <set name="php.core.functions.errorhand">
        <completion string="debug_backtrace">
            <behavior symbol="function">
                <append>()</append>
            </behavior>
        </completion>
        <completion string="debug_print_backtrace">
            <behavior symbol="function">
                <append>()</append>
            </behavior>
        </completion>
        <completion string="error_clear_last">
            <behavior symbol="function">
                <append>()</append>
            </behavior>
        </completion>
        <completion string="error_get_last">
            <behavior symbol="function">
                <append>()</append>
            </behavior>
        </completion>
        <completion string="error_log">
            <behavior symbol="function">
                <append>($[$message])</append>
            </behavior>
        </completion>
        <completion string="error_reporting">
            <behavior symbol="function">
                <append>($[$error_level])</append>
            </behavior>
        </completion>
        <completion string="restore_error_handler">
            <behavior symbol="function">
                <append>()</append>
            </behavior>
        </completion>
        <completion string="restore_exception_handler">
            <behavior symbol="function">
                <append>()</append>
            </behavior>
        </completion>
        <completion string="set_error_handler">
            <behavior symbol="function">
                <append>($[$callback])</append>
            </behavior>
        </completion>
        <completion string="set_exception_handler">
            <behavior symbol="function">
                <append>($[$callback])</append>
            </behavior>
        </completion>
        <completion string="trigger_error">
            <behavior symbol="function">
                <append>($[$message])</append>
            </behavior>
        </completion>
        <completion string="user_error">
            <behavior symbol="function">
                <append>($[$message])</append>
            </behavior>
        </completion>
    </set>
</completions>
