<?xml version="1.0" encoding="UTF-8"?>
<completions>
    <set name="php.core.functions.exec">
        <completion string="escapeshellarg">
            <behavior symbol="function">
                <append>($[$arg])</append>
            </behavior>
        </completion>
        <completion string="escapeshellcmd">
            <behavior symbol="function">
                <append>($[$command])</append>
            </behavior>
        </completion>
        <completion string="exec">
            <behavior symbol="function">
                <append>($[$command])</append>
            </behavior>
        </completion>
        <completion string="passthru">
            <behavior symbol="function">
                <append>($[$command])</append>
            </behavior>
        </completion>
        <completion string="proc_close">
            <behavior symbol="function">
                <append>($[$process])</append>
            </behavior>
        </completion>
        <completion string="proc_get_status">
            <behavior symbol="function">
                <append>($[$process])</append>
            </behavior>
        </completion>
        <completion string="proc_nice">
            <behavior symbol="function">
                <append>($[$increment])</append>
            </behavior>
        </completion>
        <completion string="proc_open">
            <behavior symbol="function">
                <append>($[$cmd], $[$descriptorspec], $[&amp;$pipes])</append>
            </behavior>
        </completion>
        <completion string="proc_terminate">
            <behavior symbol="function">
                <append>($[$process])</append>
            </behavior>
        </completion>
        <completion string="shell_exec">
            <behavior symbol="function">
                <append>($[$cmd])</append>
            </behavior>
        </completion>
        <completion string="system">
            <behavior symbol="function">
                <append>($[$command])</append>
            </behavior>
        </completion>
    </set>
</completions>
