<?xml version="1.0" encoding="UTF-8"?>
<completions>
    <set name="php.core.functions.exif">
        <completion string="exif_imagetype">
            <behavior symbol="function">
                <append>($[$filename])</append>
            </behavior>
        </completion>
        <completion string="exif_read_data">
            <behavior symbol="function">
                <append>($[$file])</append>
            </behavior>
        </completion>
        <completion string="exif_tagname">
            <behavior symbol="function">
                <append>($[$index])</append>
            </behavior>
        </completion>
        <completion string="exif_thumbnail">
            <behavior symbol="function">
                <append>($[$file])</append>
            </behavior>
        </completion>
    </set>
</completions>
