<?xml version="1.0" encoding="UTF-8"?>
<completions>
    <set name="php.core.functions.hash">
        <completion string="hash">
            <behavior symbol="function">
                <append>($[$algo], $[$data])</append>
            </behavior>
        </completion>
        <completion string="hash_algos">
            <behavior symbol="function">
                <append>()</append>
            </behavior>
        </completion>
        <completion string="hash_copy">
            <behavior symbol="function">
                <append>($[$context])</append>
            </behavior>
        </completion>
        <completion string="hash_equals">
            <behavior symbol="function">
                <append>($[$known_string], $[$user_string])</append>
            </behavior>
        </completion>
        <completion string="hash_file">
            <behavior symbol="function">
                <append>($[$algo], $[$filename])</append>
            </behavior>
        </completion>
        <completion string="hash_final">
            <behavior symbol="function">
                <append>($[$context])</append>
            </behavior>
        </completion>
        <completion string="hash_hmac_algos">
            <behavior symbol="function">
                <append>()</append>
            </behavior>
        </completion>
        <completion string="hash_hmac_file">
            <behavior symbol="function">
                <append>($[$algo], $[$data], $[$key])</append>
            </behavior>
        </completion>
        <completion string="hash_init">
            <behavior symbol="function">
                <append>($[$algo])</append>
            </behavior>
        </completion>
        <completion string="hash_pbkdf2">
            <behavior symbol="function">
                <append>($[$algo], $[$password], $[$salt], $[$iterations])</append>
            </behavior>
        </completion>
        <completion string="hash_update">
            <behavior symbol="function">
                <append>($[$context], $[$data])</append>
            </behavior>
        </completion>
        <completion string="hash_update_file">
            <behavior symbol="function">
                <append>($[$context], $[$filename])</append>
            </behavior>
        </completion>
        <completion string="hash_update_stream">
            <behavior symbol="function">
                <append>($[$context], $[$stream])</append>
            </behavior>
        </completion>
        <completion string="hash_hmac">
            <behavior symbol="function">
                <append>()</append>
            </behavior>
        </completion>
    </set>
</completions>
