<?xml version="1.0" encoding="UTF-8"?>
<completions>
    <set name="php.core.functions.ldap">
        <completion string="ldap_8859_to_t61">
            <behavior symbol="function">
                <append>($[$value])</append>
            </behavior>
        </completion>
        <completion string="ldap_add">
            <behavior symbol="function">
                <append>($[$ldap], $[$dn], $[$entry])</append>
            </behavior>
        </completion>
        <completion string="ldap_add_ext">
            <behavior symbol="function">
                <append>($[$ldap], $[$dn], $[$entry])</append>
            </behavior>
        </completion>
        <completion string="ldap_bind">
            <behavior symbol="function">
                <append>($[$ldap], $[dn])</append>
            </behavior>
        </completion>
        <completion string="ldap_bind_ext">
            <behavior symbol="function">
                <append>($[$ldap], $[dn])</append>
            </behavior>
        </completion>
        <completion string="ldap_close">
            <behavior symbol="function">
                <append>($[$ldap])</append>
            </behavior>
        </completion>
        <completion string="ldap_compare">
            <behavior symbol="function">
                <append>($[$ldap], $[$dn], $[$attribute], $[$value])</append>
            </behavior>
        </completion>
        <completion string="ldap_connect">
            <behavior symbol="function">
                <append>($[$uri])</append>
            </behavior>
        </completion>
        <completion string="ldap_count_entries">
            <behavior symbol="function">
                <append>($[$ldap], $[$result])</append>
            </behavior>
        </completion>
        <completion string="ldap_delete">
            <behavior symbol="function">
                <append>($[$ldap], $[$dn])</append>
            </behavior>
        </completion>
        <completion string="ldap_delete_ext">
            <behavior symbol="function">
                <append>($[$ldap], $[$dn])</append>
            </behavior>
        </completion>
        <completion string="ldap_dn2ufn">
            <behavior symbol="function">
                <append>($[$dn])</append>
            </behavior>
        </completion>
        <completion string="ldap_err2str">
            <behavior symbol="function">
                <append>($[$errno])</append>
            </behavior>
        </completion>
        <completion string="ldap_errno">
            <behavior symbol="function">
                <append>($[$ldap])</append>
            </behavior>
        </completion>
        <completion string="ldap_error">
            <behavior symbol="function">
                <append>($[$ldap])</append>
            </behavior>
        </completion>
        <completion string="ldap_escape">
            <behavior symbol="function">
                <append>($[$value])</append>
            </behavior>
        </completion>
        <completion string="ldap_exop_passwd">
            <behavior symbol="function">
                <append>($[$ldap])</append>
            </behavior>
        </completion>
        <completion string="ldap_exop_refresh">
            <behavior symbol="function">
                <append>($[$ldap], $[$dn], $[$ttl])</append>
            </behavior>
        </completion>
        <completion string="ldap_exop_whoami">
            <behavior symbol="function">
                <append>($[$ldap])</append>
            </behavior>
        </completion>
        <completion string="ldap_exop">
            <behavior symbol="function">
                <append>($[$ldap], $[$reqoid])</append>
            </behavior>
        </completion>
        <completion string="ldap_explode_dn">
            <behavior symbol="function">
                <append>($[$dn], $[$with_attrib])</append>
            </behavior>
        </completion>
        <completion string="ldap_first_attribute">
            <behavior symbol="function">
                <append>($[$ldap], $[$entry])</append>
            </behavior>
        </completion>
        <completion string="ldap_first_entry">
            <behavior symbol="function">
                <append>($[$ldap], $[$result])</append>
            </behavior>
        </completion>
        <completion string="ldap_first_reference">
            <behavior symbol="function">
                <append>($[$link], $[$result])</append>
            </behavior>
        </completion>
        <completion string="ldap_free_result">
            <behavior symbol="function">
                <append>($[$ldap])</append>
            </behavior>
        </completion>
        <completion string="ldap_get_attributes">
            <behavior symbol="function">
                <append>($[$ldap], $[$entry])</append>
            </behavior>
        </completion>
        <completion string="ldap_get_dn">
            <behavior symbol="function">
                <append>($[$ldap], $[$entry])</append>
            </behavior>
        </completion>
        <completion string="ldap_get_entries">
            <behavior symbol="function">
                <append>($[$ldap], $[$entry])</append>
            </behavior>
        </completion>
        <completion string="ldap_get_option">
            <behavior symbol="function">
                <append>($[$ldap], $[$option], $[&amp;$retval])</append>
            </behavior>
        </completion>
        <completion string="ldap_get_values_len">
            <behavior symbol="function">
                <append>($[$ldap], $[$entry], $[$attribute])</append>
            </behavior>
        </completion>
        <completion string="ldap_get_values">
            <behavior symbol="function">
                <append>($[$ldap], $[$entry], $[$attribute])</append>
            </behavior>
        </completion>
        <completion string="ldap_list">
            <behavior symbol="function">
                <append>($[$ldap], $[$base], $[$filter])</append>
            </behavior>
        </completion>
        <completion string="ldap_mod_add">
            <behavior symbol="function">
                <append>($[$ldap], $[$dn], $[$entry])</append>
            </behavior>
        </completion>
        <completion string="ldap_mod_add_ext">
            <behavior symbol="function">
                <append>($[$ldap], $[$dn], $[$entry])</append>
            </behavior>
        </completion>
        <completion string="ldap_mod_del">
            <behavior symbol="function">
                <append>($[$ldap], $[$dn], $[$entry])</append>
            </behavior>
        </completion>
        <completion string="ldap_mod_del_ext">
            <behavior symbol="function">
                <append>($[$ldap], $[$dn], $[$entry])</append>
            </behavior>
        </completion>
        <completion string="ldap_mod_replace">
            <behavior symbol="function">
                <append>($[$ldap], $[$dn], $[$entry])</append>
            </behavior>
        </completion>
        <completion string="ldap_mod_replace_ext">
            <behavior symbol="function">
                <append>($[$ldap], $[$dn], $[$entry])</append>
            </behavior>
        </completion>
        <completion string="ldap_modify">
            <behavior symbol="function">
                <append>($[$ldap], $[$dn], $[$entry])</append>
            </behavior>
        </completion>
        <completion string="ldap_modify_batch">
            <behavior symbol="function">
                <append>($[$ldap], $[$dn], $[$modifications_info])</append>
            </behavior>
        </completion>
        <completion string="ldap_next_attribute">
            <behavior symbol="function">
                <append>($[$ldap], $[$entry])</append>
            </behavior>
        </completion>
        <completion string="ldap_next_entry">
            <behavior symbol="function">
                <append>($[$ldap], $[$entry])</append>
            </behavior>
        </completion>
        <completion string="ldap_next_reference">
            <behavior symbol="function">
                <append>($[$ldap], $[$entry])</append>
            </behavior>
        </completion>
        <completion string="ldap_parse_exop">
            <behavior symbol="function">
                <append>($[$ldap], $[$result], $[&amp;$response_data])</append>
            </behavior>
        </completion>
        <completion string="ldap_parse_reference">
            <behavior symbol="function">
                <append>($[$ldap], $[$entry], $[&amp;$referrals])</append>
            </behavior>
        </completion>
        <completion string="ldap_parse_result">
            <behavior symbol="function">
                <append>($[$ldap], $[$result], $[&amp;$errcode])</append>
            </behavior>
        </completion>
        <completion string="ldap_read">
            <behavior symbol="function">
                <append>($[$ldap], $[$base], $[$filter])</append>
            </behavior>
        </completion>
        <completion string="ldap_rename">
            <behavior symbol="function">
                <append>($[$ldap], $[$dn], $[$new_rdn], $[$new_parent], $[$delete_old_rdn])</append>
            </behavior>
        </completion>
        <completion string="ldap_rename_ext">
            <behavior symbol="function">
                <append>($[$ldap], $[$dn], $[$new_rdn], $[$new_parent], $[$delete_old_rdn])</append>
            </behavior>
        </completion>
        <completion string="ldap_sasl_bind">
            <behavior symbol="function">
                <append>($[$ldap])</append>
            </behavior>
        </completion>
        <completion string="ldap_search">
            <behavior symbol="function">
                <append>($[$ldap], $[$base], $[$filter])</append>
            </behavior>
        </completion>
        <completion string="ldap_set_option">
            <behavior symbol="function">
                <append>($[$ldap], $[$option], $[$value])</append>
            </behavior>
        </completion>
        <completion string="ldap_set_rebind_proc">
            <behavior symbol="function">
                <append>($[$ldap], $[$callback])</append>
            </behavior>
        </completion>
        <completion string="ldap_sort" deprecated="true">
            <behavior symbol="function">
                <append>($[$ldap], $[$result], $[$sortfilter])</append>
            </behavior>
        </completion>
        <completion string="ldap_start_tls">
            <behavior symbol="function">
                <append>($[$ldap])</append>
            </behavior>
        </completion>
        <completion string="ldap_t61_to_8859">
            <behavior symbol="function">
                <append>($[$value])</append>
            </behavior>
        </completion>
        <completion string="ldap_unbind">
            <behavior symbol="function">
                <append>($[$ldap])</append>
            </behavior>
        </completion>
    </set>
</completions>
