<?xml version="1.0" encoding="UTF-8"?>
<completions>
    <set name="php.core.functions.mailparse">
        <completion string="mailparse_determine_best_xfer_encoding">
            <behavior symbol="function">
                <append>($[$fp])</append>
            </behavior>
        </completion>
        <completion string="mailparse_msg_create">
            <behavior symbol="function">
                <append>()</append>
            </behavior>
        </completion>
        <completion string="mailparse_msg_extract_part">
            <behavior symbol="function">
                <append>($[$mimemail], $[$msgbody])</append>
            </behavior>
        </completion>
        <completion string="mailparse_msg_extract_part_file">
            <behavior symbol="function">
                <append>($[$mimemail], $[$filename])</append>
            </behavior>
        </completion>
        <completion string="mailparse_msg_extract_whole_part_file">
            <behavior symbol="function">
                <append>($[$mimemail], $[$filename])</append>
            </behavior>
        </completion>
        <completion string="mailparse_msg_free">
            <behavior symbol="function">
                <append>($[$mimemail])</append>
            </behavior>
        </completion>
        <completion string="mailparse_msg_get_part">
            <behavior symbol="function">
                <append>($[$mimemail], $[$mimesection])</append>
            </behavior>
        </completion>
        <completion string="mailparse_msg_get_part_data">
            <behavior symbol="function">
                <append>($[$mimemail])</append>
            </behavior>
        </completion>
        <completion string="mailparse_msg_get_structure">
            <behavior symbol="function">
                <append>($[$mimemail])</append>
            </behavior>
        </completion>
        <completion string="mailparse_msg_parse">
            <behavior symbol="function">
                <append>($[$mimemail], $[$data])</append>
            </behavior>
        </completion>
        <completion string="mailparse_msg_parse_file">
            <behavior symbol="function">
                <append>($[$filename])</append>
            </behavior>
        </completion>
        <completion string="mailparse_rfc822_parse_addresses">
            <behavior symbol="function">
                <append>($[$addresses])</append>
            </behavior>
        </completion>
        <completion string="mailparse_stream_encode">
            <behavior symbol="function">
                <append>($[$sourcefp], $[$destfp], $[$encoding])</append>
            </behavior>
        </completion>
        <completion string="mailparse_uudecode_all">
            <behavior symbol="function">
                <append>($[$fp])</append>
            </behavior>
        </completion>
    </set>
</completions>
