<?xml version="1.0" encoding="UTF-8"?>
<completions>
    <set name="php.core.functions.math">
        <completion string="abs">
            <behavior symbol="function">
                <append>($[$num])</append>
            </behavior>
        </completion>
        <completion string="acos">
            <behavior symbol="function">
                <append>($[$num])</append>
            </behavior>
        </completion>
        <completion string="acosh">
            <behavior symbol="function">
                <append>($[$num])</append>
            </behavior>
        </completion>
        <completion string="asin">
            <behavior symbol="function">
                <append>($[$num])</append>
            </behavior>
        </completion>
        <completion string="asinh">
            <behavior symbol="function">
                <append>($[$num])</append>
            </behavior>
        </completion>
        <completion string="atan2">
            <behavior symbol="function">
                <append>($[$y], $[$x])</append>
            </behavior>
        </completion>
        <completion string="atan">
            <behavior symbol="function">
                <append>($[$num])</append>
            </behavior>
        </completion>
        <completion string="atanh">
            <behavior symbol="function">
                <append>($[$num])</append>
            </behavior>
        </completion>
        <completion string="base_convert">
            <behavior symbol="function">
                <append>($[$num], $[$frombase], $[$tobase])</append>
            </behavior>
        </completion>
        <completion string="bindec">
            <behavior symbol="function">
                <append>($[$binary_string])</append>
            </behavior>
        </completion>
        <completion string="ceil">
            <behavior symbol="function">
                <append>($[$value])</append>
            </behavior>
        </completion>
        <completion string="cos">
            <behavior symbol="function">
                <append>($[$num])</append>
            </behavior>
        </completion>
        <completion string="cosh">
            <behavior symbol="function">
                <append>($[$num])</append>
            </behavior>
        </completion>
        <completion string="decbin">
            <behavior symbol="function">
                <append>($[$num])</append>
            </behavior>
        </completion>
        <completion string="dechex">
            <behavior symbol="function">
                <append>($[$num])</append>
            </behavior>
        </completion>
        <completion string="decoct">
            <behavior symbol="function">
                <append>($[$num])</append>
            </behavior>
        </completion>
        <completion string="deg2rad">
            <behavior symbol="function">
                <append>($[$num])</append>
            </behavior>
        </completion>
        <completion string="exp">
            <behavior symbol="function">
                <append>($[$num])</append>
            </behavior>
        </completion>
        <completion string="expm1">
            <behavior symbol="function">
                <append>($[$num])</append>
            </behavior>
        </completion>
        <completion string="fdiv">
            <behavior symbol="function">
                <append>($[$num1], $[$num2])</append>
            </behavior>
        </completion>
        <completion string="floor">
            <behavior symbol="function">
                <append>($[$value])</append>
            </behavior>
        </completion>
        <completion string="fmod">
            <behavior symbol="function">
                <append>($[$x], $[$y])</append>
            </behavior>
        </completion>
        <completion string="getrandmax">
            <behavior symbol="function">
                <append>()</append>
            </behavior>
        </completion>
        <completion string="hexdec">
            <behavior symbol="function">
                <append>($[$hex_string])</append>
            </behavior>
        </completion>
        <completion string="hypot">
            <behavior symbol="function">
                <append>($[$x], $[$y])</append>
            </behavior>
        </completion>
        <completion string="intdiv">
            <behavior symbol="function">
                <append>($[$num1], $[$num2])</append>
            </behavior>
        </completion>
        <completion string="is_finite">
            <behavior symbol="function">
                <append>($[$val])</append>
            </behavior>
        </completion>
        <completion string="is_infinite">
            <behavior symbol="function">
                <append>($[$val])</append>
            </behavior>
        </completion>
        <completion string="is_nan">
            <behavior symbol="function">
                <append>($[$val])</append>
            </behavior>
        </completion>
        <completion string="lcg_value">
            <behavior symbol="function">
                <append>()</append>
            </behavior>
        </completion>
        <completion string="log10">
            <behavior symbol="function">
                <append>($[$num])</append>
            </behavior>
        </completion>
        <completion string="log1p">
            <behavior symbol="function">
                <append>($[$num])</append>
            </behavior>
        </completion>
        <completion string="log">
            <behavior symbol="function">
                <append>($[$num])</append>
            </behavior>
        </completion>
        <completion string="max">
            <behavior symbol="function">
                <append>($[$values])</append>
            </behavior>
        </completion>
        <completion string="min">
            <behavior symbol="function">
                <append>($[$values])</append>
            </behavior>
        </completion>
        <completion string="mt_getrandmax">
            <behavior symbol="function">
                <append>()</append>
            </behavior>
        </completion>
        <completion string="mt_rand">
            <behavior symbol="function">
                <append>()</append>
            </behavior>
        </completion>
        <completion string="mt_rand">
            <behavior symbol="function">
                <append>($[$min], $[$max])</append>
            </behavior>
        </completion>
        <completion string="mt_srand">
            <behavior symbol="function">
                <append>($[$seed])</append>
            </behavior>
        </completion>
        <completion string="octdec">
            <behavior symbol="function">
                <append>($[$octal_string])</append>
            </behavior>
        </completion>
        <completion string="pi">
            <behavior symbol="function">
                <append>()</append>
            </behavior>
        </completion>
        <completion string="pow">
            <behavior symbol="function">
                <append>($[$base], $[$exp])</append>
            </behavior>
        </completion>
        <completion string="rad2deg">
            <behavior symbol="function">
                <append>($[$num])</append>
            </behavior>
        </completion>
        <completion string="rand">
            <behavior symbol="function">
                <append>()</append>
            </behavior>
        </completion>
        <completion string="round">
            <behavior symbol="function">
                <append>($[$val])</append>
            </behavior>
        </completion>
        <completion string="sin">
            <behavior symbol="function">
                <append>($[$num])</append>
            </behavior>
        </completion>
        <completion string="sinh">
            <behavior symbol="function">
                <append>($[$num])</append>
            </behavior>
        </completion>
        <completion string="sqrt">
            <behavior symbol="function">
                <append>($[$num])</append>
            </behavior>
        </completion>
        <completion string="srand">
            <behavior symbol="function">
                <append>($[$seed])</append>
            </behavior>
        </completion>
        <completion string="tan">
            <behavior symbol="function">
                <append>($[$num])</append>
            </behavior>
        </completion>
        <completion string="tanh">
            <behavior symbol="function">
                <append>($[$num])</append>
            </behavior>
        </completion>
    </set>
</completions>
