<?xml version="1.0" encoding="UTF-8"?>
<completions>
    <set name="php.core.functions.opcache">
        <completion string="opcache_compile_file">
            <behavior symbol="function">
                <append>($[$filename])</append>
            </behavior>
        </completion>
        <completion string="opcache_get_configuration">
            <behavior symbol="function">
                <append>()</append>
            </behavior>
        </completion>
        <completion string="opcache_get_status">
            <behavior symbol="function">
                <append>()</append>
            </behavior>
        </completion>
        <completion string="opcache_invalidate">
            <behavior symbol="function">
                <append>($[$filename])</append>
            </behavior>
        </completion>
        <completion string="opcache_is_script_cached">
            <behavior symbol="function">
                <append>($[$filename])</append>
            </behavior>
        </completion>
        <completion string="opcache_reset">
            <behavior symbol="function">
                <append>()</append>
            </behavior>
        </completion>
    </set>
</completions>
