<?xml version="1.0" encoding="UTF-8"?>
<completions>
    <set name="php.core.functions.openssl">
        <completion string="openssl_cipher_iv_length">
            <behavior symbol="function">
                <append>($[$method])</append>
            </behavior>
        </completion>
        <completion string="openssl_csm_decrypt">
            <behavior symbol="function">
                <append>($[$input_filename], $[$output_filename], $[$certificate])</append>
            </behavior>
        </completion>
        <completion string="openssl_csm_encrypt">
            <behavior symbol="function">
                <append>($[$input_filename], $[$output_filename], $[$certificate], $[$headers])</append>
            </behavior>
        </completion>
        <completion string="openssl_csm_read">
            <behavior symbol="function">
                <append>($[$input_filename], $[&amp;$certificates])</append>
            </behavior>
        </completion>
        <completion string="openssl_csm_sign">
            <behavior symbol="function">
                <append>($[$input_filename], $[$output_filename], $[$certificate], $[$private_key], $[$headers])</append>
            </behavior>
        </completion>
        <completion string="openssl_csm_verify">
            <behavior symbol="function">
                <append>($[$input_filename], $[$flags], $[$certificates])</append>
            </behavior>
        </completion>
        <completion string="openssl_csr_export_to_file">
            <behavior symbol="function">
                <append>($[$csr], $[$output_filename])</append>
            </behavior>
        </completion>
        <completion string="openssl_csr_export">
            <behavior symbol="function">
                <append>($[$csr], $[&amp;$output])</append>
            </behavior>
        </completion>
        <completion string="openssl_csr_get_public_key">
            <behavior symbol="function">
                <append>($[$csr])</append>
            </behavior>
        </completion>
        <completion string="openssl_csr_get_subject">
            <behavior symbol="function">
                <append>($[$csr])</append>
            </behavior>
        </completion>
        <completion string="openssl_csr_new">
            <behavior symbol="function">
                <append>($[$dn], $[&amp;$private_key])</append>
            </behavior>
        </completion>
        <completion string="openssl_csr_sign">
            <behavior symbol="function">
                <append>($[$csr], $[$cacert], $[$priv_key], $[$days])</append>
            </behavior>
        </completion>
        <completion string="openssl_decrypt">
            <behavior symbol="function">
                <append>($[$data], $[$method], $[$password])</append>
            </behavior>
        </completion>
        <completion string="openssl_dh_compute_key">
            <behavior symbol="function">
                <append>($[$pub_key], $[$dh_key])</append>
            </behavior>
        </completion>
        <completion string="openssl_digest">
            <behavior symbol="function">
                <append>($[$data], $[$method])</append>
            </behavior>
        </completion>
        <completion string="openssl_encrypt">
            <behavior symbol="function">
                <append>($[$data], $[$method], $[$password])</append>
            </behavior>
        </completion>
        <completion string="openssl_error_string">
            <behavior symbol="function">
                <append>()</append>
            </behavior>
        </completion>
        <completion string="openssl_free_key">
            <behavior symbol="function">
                <append>($[$key_identifier])</append>
            </behavior>
        </completion>
        <completion string="openssl_get_cert_locations">
            <behavior symbol="function">
                <append>()</append>
            </behavior>
        </completion>
        <completion string="openssl_get_cipher_methods">
            <behavior symbol="function">
                <append>()</append>
            </behavior>
        </completion>
        <completion string="openssl_get_curve_names">
            <behavior symbol="function">
                <append>()</append>
            </behavior>
        </completion>
        <completion string="openssl_get_md_methods">
            <behavior symbol="function">
                <append>()</append>
            </behavior>
        </completion>
        <completion string="openssl_get_privatekey">
            <behavior symbol="function">
                <append>()</append>
            </behavior>
        </completion>
        <completion string="openssl_get_publickey">
            <behavior symbol="function">
                <append>()</append>
            </behavior>
        </completion>
        <completion string="openssl_open">
            <behavior symbol="function">
                <append>($[$sealed_data], $[&amp;$open_data], $[$env_key], $[$priv_key_id])</append>
            </behavior>
        </completion>
        <completion string="openssl_pbkdf2">
            <behavior symbol="function">
                <append>($[$password], $[$salt], $[$key_length], $[$iterations])</append>
            </behavior>
        </completion>
        <completion string="openssl_pkcs12_export_to_file">
            <behavior symbol="function">
                <append>($[$x509], $[$filename], $[$priv_key], $[$pass])</append>
            </behavior>
        </completion>
        <completion string="openssl_pkcs12_export">
            <behavior symbol="function">
                <append>($[$x509], $[&amp;$output], $[$priv_key], $[$pass])</append>
            </behavior>
        </completion>
        <completion string="openssl_pkcs12_read">
            <behavior symbol="function">
                <append>($[$pkcs12], $[&amp;$certs], $[$pass])</append>
            </behavior>
        </completion>
        <completion string="openssl_pkcs7_decrypt">
            <behavior symbol="function">
                <append>($[$input_filename], $[$output_filename], $[$certificate])</append>
            </behavior>
        </completion>
        <completion string="openssl_pkcs7_encrypt">
            <behavior symbol="function">
                <append>($[$input_filename], $[$output_filename], $[$certificate], $[$headers])</append>
            </behavior>
        </completion>
        <completion string="openssl_pkcs7_read">
            <behavior symbol="function">
                <append>($[$data], $[&amp;$certificates])</append>
            </behavior>
        </completion>
        <completion string="openssl_pkcs7_sign">
            <behavior symbol="function">
                <append>($[$input_filename], $[$output_filename], $[$certificate], $[$private_key], $[$headers])</append>
            </behavior>
        </completion>
        <completion string="openssl_pkcs7_verify">
            <behavior symbol="function">
                <append>($[$filename], $[$flags])</append>
            </behavior>
        </completion>
        <completion string="openssl_pkey_derive">
            <behavior symbol="function">
                <append>($[$public_key], $[$private_key])</append>
            </behavior>
        </completion>
        <completion string="openssl_pkey_export_to_file">
            <behavior symbol="function">
                <append>($[$key], $[$output_filename])</append>
            </behavior>
        </completion>
        <completion string="openssl_pkey_export">
            <behavior symbol="function">
                <append>($[$key], $[&amp;$output])</append>
            </behavior>
        </completion>
        <completion string="openssl_pkey_free" deprecated="true">
            <behavior symbol="function">
                <append>($[$key])</append>
            </behavior>
        </completion>
        <completion string="openssl_pkey_get_details">
            <behavior symbol="function">
                <append>($[$key])</append>
            </behavior>
        </completion>
        <completion string="openssl_pkey_get_private">
            <behavior symbol="function">
                <append>($[$key])</append>
            </behavior>
        </completion>
        <completion string="openssl_pkey_get_public">
            <behavior symbol="function">
                <append>($[$certificate])</append>
            </behavior>
        </completion>
        <completion string="openssl_pkey_new">
            <behavior symbol="function">
                <append>($[$options])</append>
            </behavior>
        </completion>
        <completion string="openssl_private_decrypt">
            <behavior symbol="function">
                <append>($[$data], $[&amp;$decrypted_data], $[$private_key])</append>
            </behavior>
        </completion>
        <completion string="openssl_private_encrypt">
            <behavior symbol="function">
                <append>($[$data], $[&amp;$encrypted_data], $[$private_key])</append>
            </behavior>
        </completion>
        <completion string="openssl_public_encrypt">
            <behavior symbol="function">
                <append>($[$data], $[&amp;$encrypted_data], $[$public_key])</append>
            </behavior>
        </completion>
        <completion string="openssl_public_decrypt">
            <behavior symbol="function">
                <append>($[$data], $[&amp;$decrypted_data], $[$public_key])</append>
            </behavior>
        </completion>
        <completion string="openssl_random_pseudo_bytes">
            <behavior symbol="function">
                <append>($[$length])</append>
            </behavior>
        </completion>
        <completion string="openssl_seal">
            <behavior symbol="function">
                <append>($[$data], $[&amp;$sealed_data], $[&amp;$encrypted_keys], $[$public_keys], $[$cipher_algo])</append>
            </behavior>
        </completion>
        <completion string="openssl_sign">
            <behavior symbol="function">
                <append>($[$data], $[&amp;$signature], $[$private_key])</append>
            </behavior>
        </completion>
        <completion string="openssl_verify">
            <behavior symbol="function">
                <append>($[$data], $[$signature], $[$public_key])</append>
            </behavior>
        </completion>
        <completion string="openssl_spki_export_challenge">
            <behavior symbol="function">
                <append>($[$spki])</append>
            </behavior>
        </completion>
        <completion string="openssl_spki_new">
            <behavior symbol="function">
                <append>($[$private_key], $[$challenge])</append>
            </behavior>
        </completion>
        <completion string="openssl_spki_verify">
            <behavior symbol="function">
                <append>($[$spki])</append>
            </behavior>
        </completion>
        <completion string="openssl_x509_check_private_key">
            <behavior symbol="function">
                <append>($[$certificate], $[$private_key])</append>
            </behavior>
        </completion>
        <completion string="openssl_x509_checkpurpose">
            <behavior symbol="function">
                <append>($[$x509cert], $[$purpose])</append>
            </behavior>
        </completion>
        <completion string="openssl_x509_export_to_file">
            <behavior symbol="function">
                <append>($[$certificate], $[$output_filename])</append>
            </behavior>
        </completion>
        <completion string="openssl_x509_export">
            <behavior symbol="function">
                <append>($[$certificate], $[&amp;$output])</append>
            </behavior>
        </completion>
        <completion string="openssl_x509_fingerprint">
            <behavior symbol="function">
                <append>($[$certificate])</append>
            </behavior>
        </completion>
        <completion string="openssl_x509_free" deprecated="true">
            <behavior symbol="function">
                <append>($[$certificate])</append>
            </behavior>
        </completion>
        <completion string="openssl_x509_parse">
            <behavior symbol="function">
                <append>($[$certificate])</append>
            </behavior>
        </completion>
        <completion string="openssl_x509_read">
            <behavior symbol="function">
                <append>($[$certificate])</append>
            </behavior>
        </completion>
        <completion string="openssl_x509_verify">
            <behavior symbol="function">
                <append>($[$certificate], $[$public_key])</append>
            </behavior>
        </completion>
    </set>
</completions>
