<?xml version="1.0" encoding="UTF-8"?>
<completions>
    <!-- "<?" -->
    <provider>
        <syntax>php</syntax>
        
        <exclude-selector>string, comment</exclude-selector>
        
        <trigger>?</trigger>
        
        <expression>(?&lt;=&lt;\?)([a-zA-Z_\x7f-\xff][a-zA-Z0-9_\x7f-\xff]*)</expression>
        
        <set>php.tags</set>
    </provider>
    
    <!-- "$foo" -->
    <provider>
        <syntax>php</syntax>
        <syntax>php_embedded</syntax>
        
        <exclude-selector>comment</exclude-selector>
        
        <expression>(?&lt;!\-&gt;|\:\:)\$(?:[a-zA-Z_\x7f-\xff][a-zA-Z0-9_\x7f-\xff]*)?</expression>
        
        <trigger>$</trigger>
        
        <set>php.core.this</set>
        <set>php.core.variables</set>
        <set>php.core.superglobals</set>
    </provider>
    
    <!-- "$foo" -->
    <provider>
        <syntax>php</syntax>
        <syntax>php_embedded</syntax>
        
        <exclude-selector>comment</exclude-selector>
        
        <expression>(?&lt;!\-&gt;\$|\:\:\$)(?&lt;=\$)(?:[a-zA-Z_\x7f-\xff][a-zA-Z0-9_\x7f-\xff]*)?</expression>
        
        <trigger>$</trigger>
        
        <symbols type="variable,argument,constant" />
        
        <identifiers />
    </provider>
    
    <!-- "foo" -->
    <provider>
        <syntax>php</syntax>
        <syntax>php_embedded</syntax>
        
        <exclude-selector>string, comment</exclude-selector>
        
        <expression>(?&lt;!\-&gt;|\:\:|\$)(\b[a-zA-Z_\x7f-\xff][a-zA-Z0-9_\x7f-\xff]*)</expression>
        
        <symbols type="function">
            <behavior>
                <arguments prefix="(" suffix=")" separator=", " />
            </behavior>
        </symbols>
        <symbols type="class,protocol" />
        
        <identifiers />
        
        <set>php.keywords</set>
        
        <set>php.core.constants</set>
        <set>php.core.magic-constants</set>
        
        <!--
            Core & Bundled Extensions:
            https://www.php.net/manual/en/extensions.membership.php#extensions.membership.core
         -->
        <set>php.core.functions.apache</set>
        <set>php.core.functions.array</set>
        <set>php.core.functions.bcmath</set>
        <set>php.core.functions.bzip2</set>
        <set>php.core.functions.calendar</set>
        <set>php.core.functions.classkit</set>
        <set>php.core.functions.com</set>
        <set>php.core.functions.csprng</set>
        <set>php.core.functions.ctype</set>
        <set>php.core.functions.curl</set>
        <set>php.core.functions.datetime</set>
        <set>php.core.functions.dba</set>
        <set>php.core.functions.dbplus</set>
        <set>php.core.functions.dio</set>
        <set>php.core.functions.directories</set>
        <set>php.core.functions.dom</set>
        <set>php.core.functions.eio</set>
        <set>php.core.functions.errorhand</set>
        <set>php.core.functions.exec</set>
        <set>php.core.functions.exif</set>
        <set>php.core.functions.fileinfo</set>
        <set>php.core.functions.filter</set>
        <set>php.core.functions.files</set>
        <set>php.core.functions.ftp</set>
        <set>php.core.functions.funchand</set>
        <set>php.core.functions.geoip</set>
        <set>php.core.functions.hash</set>
        <set>php.core.functions.iconv</set>
        <set>php.core.functions.imap</set>
        <set>php.core.functions.ingres</set>
        <set>php.core.functions.inotify</set>
        <set>php.core.functions.json</set>
        <set>php.core.functions.ldap</set>
        <set>php.core.functions.mail</set>
        <set>php.core.functions.mailparse</set>
        <set>php.core.functions.math</set>
        <set>php.core.functions.mbstring</set>
        <set>php.core.functions.misc</set>
        <set>php.core.functions.mysqli</set>
        <set>php.core.functions.network</set>
        <set>php.core.functions.oauth</set>
        <set>php.core.functions.odbc</set>
        <set>php.core.functions.opcache</set>
        <set>php.core.functions.openssl</set>
        <set>php.core.functions.options</set>
        <set>php.core.functions.outcontrol</set>
        <set>php.core.functions.password</set>
        <set>php.core.functions.pcntl</set>
        <set>php.core.functions.pcre</set>
        <set>php.core.functions.pgsql</set>
        <set>php.core.functions.posix</set>
        <set>php.core.functions.proctitle</set>
        <set>php.core.functions.readline</set>
        <set>php.core.functions.sessions</set>
        <set>php.core.functions.shmop</set>
        <set>php.core.functions.simplexml</set>
        <set>php.core.functions.spl</set>
        <set>php.core.functions.sqlsrv</set>
        <set>php.core.functions.ssh2</set>
        <set>php.core.functions.streams</set>
        <set>php.core.functions.strings</set>
        <set>php.core.functions.tokenizer</set>
        <set>php.core.functions.urls</set>
        <set>php.core.functions.var</set>
        <set>php.core.functions.wincache</set>
        <set>php.core.functions.xattr</set>
        <set>php.core.functions.xdiff</set>
        <set>php.core.functions.xmlrpc</set>
        <set>php.core.functions.yaml</set>
        <set>php.core.functions.zip</set>
        <set>php.core.functions.zlib</set>
    </provider>
    
    <!-- "$foo" within strings -->
    <provider>
        <syntax>php</syntax>
        <syntax>php_embedded</syntax>
        
        <match-selector>string</match-selector>
        
        <expression>(?&lt;!\-&gt;\$|\:\:\$)(?&lt;=\$)(?:([a-zA-Z_\x7f-\xff][a-zA-Z0-9_\x7f-\xff]*)?)</expression>
        
        <trigger>$</trigger>
        
        <!-- https://www.php.net/manual/en/language.types.string.php#language.types.string.parsing -->
        <symbols type="variable,argument,constant" />
        
        <identifiers />
        
        <set>php.core.this</set>
        <set>php.core.variables</set>
        <set>php.core.superglobals</set>
    </provider>
    
    <!-- "::$foo" -->
    <provider>
        <syntax>php</syntax>
        <syntax>php_embedded</syntax>
        
        <exclude-selector>comment</exclude-selector>
        
        <expression capture="1">(?&lt;=\:\:\$)([a-zA-Z_\x7f-\xff][a-zA-Z0-9_\x7f-\xff]*)?</expression>
        
        <trigger>:$</trigger>
        
        <!-- https://www.php.net/manual/en/language.oop5.static.php#language.oop5.static.properties -->
        <symbols type="static-property" />
        
        <identifiers />
    </provider>
    
    <!-- "::foo" -->
    <provider>
        <syntax>php</syntax>
        <syntax>php_embedded</syntax>
        
        <exclude-selector>comment</exclude-selector>
        
        <expression>(?&lt;=\:\:)([a-zA-Z_\x7f-\xff][a-zA-Z0-9_\x7f-\xff]*)?</expression>
        
        <trigger>:</trigger>
        
        <!-- https://www.php.net/manual/en/language.oop5.static.php#language.oop5.static.methods -->
        <symbols type="static-method">
            <behavior>
                <arguments prefix="(" suffix=")" separator=", " />
            </behavior>
        </symbols>
        
        <identifiers />
    </provider>
    
    <!-- "->foo" -->
    <provider>
        <syntax>php</syntax>
        <syntax>php_embedded</syntax>
        
        <exclude-selector>comment</exclude-selector>
        
        <expression>(?&lt;=\-&gt;)([a-zA-Z_\x7f-\xff][a-zA-Z0-9_\x7f-\xff]*)?</expression>
        
        <trigger>&gt;</trigger>
        
        <!-- https://www.php.net/manual/en/language.oop5.properties.php -->
        <symbols type="method">
            <behavior>
                <arguments prefix="(" suffix=")" separator=", " />
            </behavior>
        </symbols>
        <symbols type="property" />
        
        <identifiers />
    </provider>
    
    <set name="php.tags" symbol="tag">
        <completion string="php" priority="100" />
    </set>
    
    <set name="php.keywords" symbol="statement">
        <!-- https://www.php.net/manual/en/reserved.keywords.php -->
        <completion string="abstract" />
        <completion string="and" />
        <completion string="as" />
        <completion string="break" />
        <completion string="callable" />
        <completion string="case" />
        <completion string="catch" />
        <completion string="class" />
        <completion string="clone" />
        <completion string="const" />
        <completion string="continue" />
        <completion string="declare" />
        <completion string="default" />
        <completion string="do" />
        <completion string="echo" />
        <completion string="else" />
        <completion string="elseif" />
        <completion string="endfor" />
        <completion string="endforeach" />
        <completion string="endif" />
        <completion string="endswitch" />
        <completion string="endwhile" />
        <completion string="extends" />
        <completion string="final" />
        <completion string="finally" />
        <completion string="for" />
        <completion string="foreach" />
        <completion string="from" />
        <completion string="function" />
        <completion string="global" />
        <completion string="goto" />
        <completion string="if" />
        <completion string="implements" />
        <completion string="include">
            <behavior symbol="function">
                <append>($[$file])</append>
            </behavior>
        </completion>
        <completion string="include_once">
            <behavior symbol="function">
                <append>($[$file])</append>
            </behavior>
        </completion>
        <completion string="instanceof" />
        <completion string="insteadof" />
        <completion string="interface" />
        <completion string="namespace" />
        <completion string="new" />
        <completion string="or" />
        <completion string="print" />
        <completion string="private" />
        <completion string="protected" />
        <completion string="public" />
        <completion string="require">
            <behavior symbol="function">
                <append>($[$file])</append>
            </behavior>
        </completion>
        <completion string="require_once">
            <behavior symbol="function">
                <append>($[$file])</append>
            </behavior>
        </completion>
        <completion string="return" />
        <completion string="static" />
        <completion string="switch" />
        <completion string="throw" />
        <completion string="trait" />
        <completion string="try" />
        <completion string="use" />
        <completion string="var" />
        <completion string="while" />
        <completion string="xor" />
        <completion string="yield" />
    </set>
    
    <set name="php.core.this" symbol="variable">
        <completion string="$this" />
    </set>
    
    <set name="php.core.superglobals" symbol="variable">
        <!-- https://www.php.net/manual/en/language.variables.superglobals -->
        <completion string="$GLOBALS" />
        <completion string="$_SERVER" />
        <completion string="$_GET" />
        <completion string="$_POST" />
        <completion string="$_FILES" />
        <completion string="$_REQUEST" />
        <completion string="$_SESSION" />
        <completion string="$_ENV" />
        <completion string="$_COOKIE" />
    </set>
    
    <set name="php.core.variables" symbol="variable">
        <completion string="$php_errormsg" deprecated="true" />
        <completion string="$http_response_header" />
        <completion string="$argc" />
        <completion string="$argv" />
    </set>
    
    <set name="php.core.constants" symbol="constant">
        <!-- https://www.php.net/manual/en/reserved.constants.php -->
        <completion string="PHP_VERSION" />
        <completion string="PHP_MAJOR_VERSION" />
        <completion string="PHP_MINOR_VERSION" />
        <completion string="PHP_RELEASE_VERSION" />
        <completion string="PHP_VERSION_ID" />
        <completion string="PHP_EXTRA_VERSION" />
        <completion string="PHP_ZTS" />
        <completion string="PHP_DEBUG" />
        <completion string="PHP_MAXPATHLEN" />
        <completion string="PHP_OS" />
        <completion string="PHP_OS_FAMILY" />
        <completion string="PHP_SAPI" />
        <completion string="PHP_EOL" />
        <completion string="PHP_INT_MAX" />
        <completion string="PHP_INT_MIN" />
        <completion string="PHP_INT_SIZE" />
        <completion string="PHP_FLOAT_DIG" />
        <completion string="PHP_FLOAT_EPSILON" />
        <completion string="PHP_FLOAT_MIN" />
        <completion string="PHP_FLOAT_MAX" />
        <completion string="DEFAULT_INCLUDE_PATH" />
        <completion string="PEAR_INSTALL_DIR" />
        <completion string="PEAR_EXTENSION_DIR" />
        <completion string="PHP_EXTENSION_DIR" />
        <completion string="PHP_PREFIX" />
        <completion string="PHP_BINDIR" />
        <completion string="PHP_MANDIR" />
        <completion string="PHP_LIBDIR" />
        <completion string="PHP_DATADIR" />
        <completion string="PHP_SYSCONFDIR" />
        <completion string="PHP_LOCALSTATEDIR" />
        <completion string="PHP_CONFIG_FILE_PATH" />
        <completion string="PHP_CONFIG_FILE_SCAN_DIR" />
        <completion string="PHP_SHLIB_SUFFIX" />
        <completion string="PHP_FD_SET_SIZE" />
        <completion string="E_ERROR" />
        <completion string="E_WARNING" />
        <completion string="E_PARSE" />
        <completion string="E_NOTICE" />
        <completion string="E_CORE_ERROR" />
        <completion string="E_CORE_WARNING" />
        <completion string="E_COMPILE_ERROR" />
        <completion string="E_COMPILE_WARNING" />
        <completion string="E_USER_ERROR" />
        <completion string="E_USER_WARNING" />
        <completion string="E_USER_NOTICE" />
        <completion string="E_RECOVERABLE_ERROR" />
        <completion string="E_DEPRECATED" />
        <completion string="E_USER_DEPRECATED" />
        <completion string="E_ALL" />
        <completion string="E_STRICT" />
    </set>
    
    <set name="php.core.magic-constants" symbol="statement">
        <!-- https://www.php.net/manual/en/language.constants.predefined.php -->
        <completion string="__CLASS__" />
        <completion string="__DIR__" />
        <completion string="__FILE__" />
        <completion string="__FUNCTION__" />
        <completion string="__METHOD__" />
    </set>
</completions>
