<?xml version="1.0" encoding="UTF-8"?>
<completions>
    <set name="php.core.functions.simplexml">
        <completion string="simplexml_import_dom">
            <behavior symbol="function">
                <append>($[$node])</append>
            </behavior>
        </completion>
        <completion string="simplexml_load_file">
            <behavior symbol="function">
                <append>($[$filename])</append>
            </behavior>
        </completion>
        <completion string="simplexml_load_string">
            <behavior symbol="function">
                <append>($[$data])</append>
            </behavior>
        </completion>
    </set>
</completions>
