<?xml version="1.0" encoding="UTF-8"?>
<completions>
    <set name="php.core.functions.sqlsrv">
        <completion string="sqlsrv_begin_transaction">
            <behavior symbol="function">
                <append>($[$conn])</append>
            </behavior>
        </completion>
        <completion string="sqlsrv_cancel">
            <behavior symbol="function">
                <append>($[$stmt])</append>
            </behavior>
        </completion>
        <completion string="sqlsrv_client_info">
            <behavior symbol="function">
                <append>($[$conn])</append>
            </behavior>
        </completion>
        <completion string="sqlsrv_close">
            <behavior symbol="function">
                <append>($[$conn])</append>
            </behavior>
        </completion>
        <completion string="sqlsrv_commit">
            <behavior symbol="function">
                <append>($[$conn])</append>
            </behavior>
        </completion>
        <completion string="sqlsrv_configure">
            <behavior symbol="function">
                <append>($[$setting], $[$value])</append>
            </behavior>
        </completion>
        <completion string="sqlsrv_connect">
            <behavior symbol="function">
                <append>($[$serverName])</append>
            </behavior>
        </completion>
        <completion string="sqlsrv_errors">
            <behavior symbol="function">
                <append>($[$errorsOrWarnings])</append>
            </behavior>
        </completion>
        <completion string="sqlsrv_execute">
            <behavior symbol="function">
                <append>($[$stmt])</append>
            </behavior>
        </completion>
        <completion string="sqlsrv_fetch_array">
            <behavior symbol="function">
                <append>($[$stmt])</append>
            </behavior>
        </completion>
        <completion string="sqlsrv_fetch_object">
            <behavior symbol="function">
                <append>($[$stmt])</append>
            </behavior>
        </completion>
        <completion string="sqlsrv_fetch">
            <behavior symbol="function">
                <append>($[$stmt])</append>
            </behavior>
        </completion>
        <completion string="sqlsrv_field_metadata">
            <behavior symbol="function">
                <append>($[$stmt])</append>
            </behavior>
        </completion>
        <completion string="sqlsrv_free_stmt">
            <behavior symbol="function">
                <append>($[$stmt])</append>
            </behavior>
        </completion>
        <completion string="sqlsrv_get_config">
            <behavior symbol="function">
                <append>($[$setting])</append>
            </behavior>
        </completion>
        <completion string="sqlsrv_get_field">
            <behavior symbol="function">
                <append>($[$stmt], $[$fieldIndex])</append>
            </behavior>
        </completion>
        <completion string="sqlsrv_has_rows">
            <behavior symbol="function">
                <append>($[$stmt])</append>
            </behavior>
        </completion>
        <completion string="sqlsrv_next_result">
            <behavior symbol="function">
                <append>($[$stmt])</append>
            </behavior>
        </completion>
        <completion string="sqlsrv_num_fields">
            <behavior symbol="function">
                <append>($[$stmt])</append>
            </behavior>
        </completion>
        <completion string="sqlsrv_num_rows">
            <behavior symbol="function">
                <append>($[$stmt])</append>
            </behavior>
        </completion>
        <completion string="sqlsrv_prepare">
            <behavior symbol="function">
                <append>($[$conn], $[$sql])</append>
            </behavior>
        </completion>
        <completion string="sqlsrv_query">
            <behavior symbol="function">
                <append>($[$conn], $[$sql])</append>
            </behavior>
        </completion>
        <completion string="sqlsrv_rollback">
            <behavior symbol="function">
                <append>($[$conn])</append>
            </behavior>
        </completion>
        <completion string="sqlsrv_rows_affected">
            <behavior symbol="function">
                <append>($[$stmt])</append>
            </behavior>
        </completion>
        <completion string="sqlsrv_send_stream_data">
            <behavior symbol="function">
                <append>($[$stmt])</append>
            </behavior>
        </completion>
        <completion string="sqlsrv_server_info">
            <behavior symbol="function">
                <append>($[$conn])</append>
            </behavior>
        </completion>
    </set>
</completions>
