<?xml version="1.0" encoding="UTF-8"?>
<completions>
    <set name="php.core.functions.ssh2">
        <completion string="ssh2_auth_agent">
            <behavior symbol="function">
                <append>($[$session], $[$username])</append>
            </behavior>
        </completion>
        <completion string="ssh2_auth_hostbased_file">
            <behavior symbol="function">
                <append>($[$session], $[$username], $[$hostname], $[$pubkeyfile], $[$privkeyfile])</append>
            </behavior>
        </completion>
        <completion string="ssh2_auth_none">
            <behavior symbol="function">
                <append>($[$session], $[$username])</append>
            </behavior>
        </completion>
        <completion string="ssh2_auth_password">
            <behavior symbol="function">
                <append>($[$session], $[$username], $[$password])</append>
            </behavior>
        </completion>
        <completion string="ssh2_auth_pubkey_file">
            <behavior symbol="function">
                <append>($[$session], $[$username], $[$pubkeyfile], $[$privkeyfile])</append>
            </behavior>
        </completion>
        <completion string="ssh2_connect">
            <behavior symbol="function">
                <append>($[$host])</append>
            </behavior>
        </completion>
        <completion string="ssh2_disconnect">
            <behavior symbol="function">
                <append>($[$session])</append>
            </behavior>
        </completion>
        <completion string="ssh2_exec">
            <behavior symbol="function">
                <append>($[$session], $[$command])</append>
            </behavior>
        </completion>
        <completion string="ssh2_fetch_stream">
            <behavior symbol="function">
                <append>($[$channel], $[$streamid])</append>
            </behavior>
        </completion>
        <completion string="ssh2_fingerprint">
            <behavior symbol="function">
                <append>($[$session])</append>
            </behavior>
        </completion>
        <completion string="ssh2_forward_accept">
            <behavior symbol="function">
                <append>($[$listener])</append>
            </behavior>
        </completion>
        <completion string="ssh2_forward_listen">
            <behavior symbol="function">
                <append>($[$session], $[$port])</append>
            </behavior>
        </completion>
        <completion string="ssh2_methods_negotiated">
            <behavior symbol="function">
                <append>($[$session])</append>
            </behavior>
        </completion>
        <completion string="ssh2_poll">
            <behavior symbol="function">
                <append>($[&amp;$desc])</append>
            </behavior>
        </completion>
        <completion string="ssh2_publickey_add">
            <behavior symbol="function">
                <append>($[$pkey], $[$algoname], $[$blob])</append>
            </behavior>
        </completion>
        <completion string="ssh2_publickey_init">
            <behavior symbol="function">
                <append>($[$session])</append>
            </behavior>
        </completion>
        <completion string="ssh2_publickey_list">
            <behavior symbol="function">
                <append>($[$pkey])</append>
            </behavior>
        </completion>
        <completion string="ssh2_publickey_remove">
            <behavior symbol="function">
                <append>($[$pkey], $[$algoname], $[$blob])</append>
            </behavior>
        </completion>
        <completion string="ssh2_scp_recv">
            <behavior symbol="function">
                <append>($[$session], $[$remote_file], $[$local_file])</append>
            </behavior>
        </completion>
        <completion string="ssh2_scp_send">
            <behavior symbol="function">
                <append>($[$session], $[$local_file], $[$remote_file])</append>
            </behavior>
        </completion>
        <completion string="ssh2_send_eof">
            <behavior symbol="function">
                <append>($[$channel])</append>
            </behavior>
        </completion>
        <completion string="ssh2_sftp_chmod">
            <behavior symbol="function">
                <append>($[$sftp], $[$filename], $[$mode])</append>
            </behavior>
        </completion>
        <completion string="ssh2_sftp_lstat">
            <behavior symbol="function">
                <append>($[$sftp], $[$path])</append>
            </behavior>
        </completion>
        <completion string="ssh2_sftp_mkdir">
            <behavior symbol="function">
                <append>($[$sftp], $[$dirname])</append>
            </behavior>
        </completion>
        <completion string="ssh2_sftp_readlink">
            <behavior symbol="function">
                <append>($[$sftp], $[$link])</append>
            </behavior>
        </completion>
        <completion string="ssh2_sftp_realpath">
            <behavior symbol="function">
                <append>($[$sftp], $[$filename])</append>
            </behavior>
        </completion>
        <completion string="ssh2_sftp_rename">
            <behavior symbol="function">
                <append>($[$sftp], $[$from], $[$to])</append>
            </behavior>
        </completion>
        <completion string="ssh2_sftp_rmdir">
            <behavior symbol="function">
                <append>($[$sftp], $[$dirname])</append>
            </behavior>
        </completion>
        <completion string="ssh2_sftp_stat">
            <behavior symbol="function">
                <append>($[$sftp], $[$path])</append>
            </behavior>
        </completion>
        <completion string="ssh2_sftp_symlink">
            <behavior symbol="function">
                <append>($[$sftp], $[$target], $[$link])</append>
            </behavior>
        </completion>
        <completion string="ssh2_sftp_unlink">
            <behavior symbol="function">
                <append>($[$sftp], $[$filename])</append>
            </behavior>
        </completion>
        <completion string="ssh2_shell">
            <behavior symbol="function">
                <append>($[$session])</append>
            </behavior>
        </completion>
        <completion string="ssh2_sftp">
            <behavior symbol="function">
                <append>($[$session])</append>
            </behavior>
        </completion>
        <completion string="ssh2_tunnel">
            <behavior symbol="function">
                <append>($[$session], $[$host], $[$port])</append>
            </behavior>
        </completion>
    </set>
</completions>
