<?xml version="1.0" encoding="UTF-8"?>
<completions>
    <set name="php.core.functions.strings">
        <completion string="addcslashes">
            <behavior symbol="function">
                <append>($[$string], $[$charlist])</append>
            </behavior>
        </completion>
        <completion string="addslashes">
            <behavior symbol="function">
                <append>($[$string])</append>
            </behavior>
        </completion>
        <completion string="bin2hex">
            <behavior symbol="function">
                <append>($[$string])</append>
            </behavior>
        </completion>
        <completion string="chop">
            <behavior symbol="function">
                <append>()</append>
            </behavior>
        </completion>
        <completion string="chr">
            <behavior symbol="function">
                <append>($[$ascii])</append>
            </behavior>
        </completion>
        <completion string="chunk_split">
            <behavior symbol="function">
                <append>($[$body])</append>
            </behavior>
        </completion>
        <completion string="convert_cyr_string" deprecated="true">
            <behavior symbol="function">
                <append>($[$string], $[$from], $[$to])</append>
            </behavior>
        </completion>
        <completion string="convert_uudecode">
            <behavior symbol="function">
                <append>($[$data])</append>
            </behavior>
        </completion>
        <completion string="convert_uuencode">
            <behavior symbol="function">
                <append>($[$data])</append>
            </behavior>
        </completion>
        <completion string="count_chars">
            <behavior symbol="function">
                <append>($[$string])</append>
            </behavior>
        </completion>
        <completion string="crc32">
            <behavior symbol="function">
                <append>($[$string])</append>
            </behavior>
        </completion>
        <completion string="crypt">
            <behavior symbol="function">
                <append>($[$string])</append>
            </behavior>
        </completion>
        <completion string="echo">
            <behavior symbol="function">
                <append>($[$arg1])</append>
            </behavior>
        </completion>
        <completion string="explode">
            <behavior symbol="function">
                <append>($[$delimiter], $[$string])</append>
            </behavior>
        </completion>
        <completion string="fprintf">
            <behavior symbol="function">
                <append>($[$handle], $[$format])</append>
            </behavior>
        </completion>
        <completion string="get_html_translation_table">
            <behavior symbol="function">
                <append>()</append>
            </behavior>
        </completion>
        <completion string="hebrev">
            <behavior symbol="function">
                <append>($[$hebrew_text])</append>
            </behavior>
        </completion>
        <completion string="hebrevc" deprecated="true">
            <behavior symbol="function">
                <append>($[$hebrew_text])</append>
            </behavior>
        </completion>
        <completion string="hex2bin">
            <behavior symbol="function">
                <append>($[$data])</append>
            </behavior>
        </completion>
        <completion string="html_entity_decode">
            <behavior symbol="function">
                <append>($[$string])</append>
            </behavior>
        </completion>
        <completion string="htmlentities">
            <behavior symbol="function">
                <append>($[$string])</append>
            </behavior>
        </completion>
        <completion string="htmlspecialchars">
            <behavior symbol="function">
                <append>($[$string])</append>
            </behavior>
        </completion>
        <completion string="htmlspecialchars_decode">
            <behavior symbol="function">
                <append>($[$string])</append>
            </behavior>
        </completion>
        <completion string="implode">
            <behavior symbol="function">
                <append>($[$separator], $[...$array])</append>
            </behavior>
        </completion>
        <completion string="join">
            <behavior symbol="function">
                <append>($[$separator], $[...$array])</append>
            </behavior>
        </completion>
        <completion string="lcfirst">
            <behavior symbol="function">
                <append>($[$string])</append>
            </behavior>
        </completion>
        <completion string="levenshtein">
            <behavior symbol="function">
                <append>($[$str1], $[$str2])</append>
            </behavior>
        </completion>
        <completion string="localeconv">
            <behavior symbol="function">
                <append>()</append>
            </behavior>
        </completion>
        <completion string="ltrim">
            <behavior symbol="function">
                <append>($[$string])</append>
            </behavior>
        </completion>
        <completion string="md5">
            <behavior symbol="function">
                <append>($[$string])</append>
            </behavior>
        </completion>
        <completion string="md5_file">
            <behavior symbol="function">
                <append>($[$filename])</append>
            </behavior>
        </completion>
        <completion string="metaphone">
            <behavior symbol="function">
                <append>($[$string])</append>
            </behavior>
        </completion>
        <completion string="money_format" deprecated="true">
            <behavior symbol="function">
                <append>($[$format], $[$number])</append>
            </behavior>
        </completion>
        <completion string="nl_langinfo">
            <behavior symbol="function">
                <append>($[$item])</append>
            </behavior>
        </completion>
        <completion string="nl2br">
            <behavior symbol="function">
                <append>($[$string])</append>
            </behavior>
        </completion>
        <completion string="number_format">
            <behavior symbol="function">
                <append>($[$number])</append>
            </behavior>
        </completion>
        <completion string="ord">
            <behavior symbol="function">
                <append>($[$string])</append>
            </behavior>
        </completion>
        <completion string="parse_str">
            <behavior symbol="function">
                <append>($[$string])</append>
            </behavior>
        </completion>
        <completion string="print">
            <behavior symbol="function">
                <append>($[$arg])</append>
            </behavior>
        </completion>
        <completion string="printf">
            <behavior symbol="function">
                <append>($[$format])</append>
            </behavior>
        </completion>
        <completion string="quoted_printable_decode">
            <behavior symbol="function">
                <append>($[$string])</append>
            </behavior>
        </completion>
        <completion string="quoted_printable_encode">
            <behavior symbol="function">
                <append>($[$string])</append>
            </behavior>
        </completion>
        <completion string="quotemeta">
            <behavior symbol="function">
                <append>($[$string])</append>
            </behavior>
        </completion>
        <completion string="rtrim">
            <behavior symbol="function">
                <append>($[$string])</append>
            </behavior>
        </completion>
        <completion string="setlocale">
            <behavior symbol="function">
                <append>($[$category], $[$locale])</append>
            </behavior>
        </completion>
        <completion string="sha1">
            <behavior symbol="function">
                <append>($[$string])</append>
            </behavior>
        </completion>
        <completion string="sha1_file">
            <behavior symbol="function">
                <append>($[$filename])</append>
            </behavior>
        </completion>
        <completion string="similar_text">
            <behavior symbol="function">
                <append>($[$first], $[$second])</append>
            </behavior>
        </completion>
        <completion string="soundex">
            <behavior symbol="function">
                <append>($[$string])</append>
            </behavior>
        </completion>
        <completion string="sprintf">
            <behavior symbol="function">
                <append>($[$format])</append>
            </behavior>
        </completion>
        <completion string="sscanf">
            <behavior symbol="function">
                <append>($[$string], $[$format])</append>
            </behavior>
        </completion>
        <completion string="str_contains">
            <behavior symbol="function">
                <append>($[$string], $[$substring])</append>
            </behavior>
        </completion>
        <completion string="str_ends_with">
            <behavior symbol="function">
                <append>($[$string], $[$suffix])</append>
            </behavior>
        </completion>
        <completion string="str_getcsv">
            <behavior symbol="function">
                <append>($[$input])</append>
            </behavior>
        </completion>
        <completion string="str_ireplace">
            <behavior symbol="function">
                <append>($[$search], $[$replace], $[$subject])</append>
            </behavior>
        </completion>
        <completion string="str_pad">
            <behavior symbol="function">
                <append>($[$input], $[$pad_length])</append>
            </behavior>
        </completion>
        <completion string="str_repeat">
            <behavior symbol="function">
                <append>($[$input], $[$multiplier])</append>
            </behavior>
        </completion>
        <completion string="str_replace">
            <behavior symbol="function">
                <append>($[$search], $[$replace], $[$subject])</append>
            </behavior>
        </completion>
        <completion string="str_rot13">
            <behavior symbol="function">
                <append>($[$string])</append>
            </behavior>
        </completion>
        <completion string="str_shuffle">
            <behavior symbol="function">
                <append>($[$string])</append>
            </behavior>
        </completion>
        <completion string="str_split">
            <behavior symbol="function">
                <append>($[$string])</append>
            </behavior>
        </completion>
        <completion string="str_starts_with">
            <behavior symbol="function">
                <append>($[$string], $[$prefix])</append>
            </behavior>
        </completion>
        <completion string="str_word_count">
            <behavior symbol="function">
                <append>($[$string])</append>
            </behavior>
        </completion>
        <completion string="strcasecmp">
            <behavior symbol="function">
                <append>($[$str1], $[$str2])</append>
            </behavior>
        </completion>
        <completion string="strchr" deprecated="true">
            <behavior symbol="function">
                <append>()</append>
            </behavior>
        </completion>
        <completion string="strcmp">
            <behavior symbol="function">
                <append>($[$str1], $[$str2])</append>
            </behavior>
        </completion>
        <completion string="strcoll">
            <behavior symbol="function">
                <append>($[$str1], $[$str2])</append>
            </behavior>
        </completion>
        <completion string="strcspn">
            <behavior symbol="function">
                <append>($[$str1], $[$str2])</append>
            </behavior>
        </completion>
        <completion string="strip_tags">
            <behavior symbol="function">
                <append>($[$string])</append>
            </behavior>
        </completion>
        <completion string="stripcslashes">
            <behavior symbol="function">
                <append>($[$string])</append>
            </behavior>
        </completion>
        <completion string="stripos" deprecated="true">
            <behavior symbol="function">
                <append>($[$haystack], $[$needle])</append>
            </behavior>
        </completion>
        <completion string="stripslashes">
            <behavior symbol="function">
                <append>($[$string])</append>
            </behavior>
        </completion>
        <completion string="stristr" deprecated="true">
            <behavior symbol="function">
                <append>($[$haystack], $[$needle])</append>
            </behavior>
        </completion>
        <completion string="strlen">
            <behavior symbol="function">
                <append>($[$string])</append>
            </behavior>
        </completion>
        <completion string="strnatcasecmp">
            <behavior symbol="function">
                <append>($[$str1], $[$str2])</append>
            </behavior>
        </completion>
        <completion string="strncasecmp">
            <behavior symbol="function">
                <append>($[$str1], $[$str2], $[$len])</append>
            </behavior>
        </completion>
        <completion string="strnatcmp">
            <behavior symbol="function">
                <append>($[$str1], $[$str2])</append>
            </behavior>
        </completion>
        <completion string="strncmp">
            <behavior symbol="function">
                <append>($[$str1], $[$str2], $[$len])</append>
            </behavior>
        </completion>
        <completion string="strpbrk">
            <behavior symbol="function">
                <append>($[$haystack], $[$char_list])</append>
            </behavior>
        </completion>
        <completion string="strpos" deprecated="true">
            <behavior symbol="function">
                <append>($[$haystack], $[$needle])</append>
            </behavior>
        </completion>
        <completion string="strrchr" deprecated="true">
            <behavior symbol="function">
                <append>($[$haystack], $[$needle])</append>
            </behavior>
        </completion>
        <completion string="strrev">
            <behavior symbol="function">
                <append>($[$string])</append>
            </behavior>
        </completion>
        <completion string="strripos" deprecated="true">
            <behavior symbol="function">
                <append>($[$haystack], $[$needle])</append>
            </behavior>
        </completion>
        <completion string="strrpos" deprecated="true">
            <behavior symbol="function">
                <append>($[$haystack], $[$needle])</append>
            </behavior>
        </completion>
        <completion string="strspn">
            <behavior symbol="function">
                <append>($[$subject], $[$mask])</append>
            </behavior>
        </completion>
        <completion string="strstr" deprecated="true">
            <behavior symbol="function">
                <append>($[$haystack], $[$needle])</append>
            </behavior>
        </completion>
        <completion string="strtok">
            <behavior symbol="function">
                <append>($[$string], $[$token])</append>
            </behavior>
        </completion>
        <completion string="strtolower">
            <behavior symbol="function">
                <append>($[$string])</append>
            </behavior>
        </completion>
        <completion string="strtoupper">
            <behavior symbol="function">
                <append>($[$string])</append>
            </behavior>
        </completion>
        <completion string="strtr">
            <behavior symbol="function">
                <append>($[$string], $[$from], $[$to])</append>
            </behavior>
        </completion>
        <completion string="substr_compare">
            <behavior symbol="function">
                <append>($[$main_string], $[$string], $[$offset])</append>
            </behavior>
        </completion>
        <completion string="substr_count">
            <behavior symbol="function">
                <append>($[$haystack], $[$needle])</append>
            </behavior>
        </completion>
        <completion string="substr_replace">
            <behavior symbol="function">
                <append>($[$string], $[$replacement], $[$start])</append>
            </behavior>
        </completion>
        <completion string="substr">
            <behavior symbol="function">
                <append>($[$string], $[$start])</append>
            </behavior>
        </completion>
        <completion string="trim">
            <behavior symbol="function">
                <append>($[$string])</append>
            </behavior>
        </completion>
        <completion string="ucfirst">
            <behavior symbol="function">
                <append>($[$string])</append>
            </behavior>
        </completion>
        <completion string="ucwords">
            <behavior symbol="function">
                <append>($[$string])</append>
            </behavior>
        </completion>
        <completion string="vfprintf">
            <behavior symbol="function">
                <append>($[$handle], $[$format], $[$args])</append>
            </behavior>
        </completion>
        <completion string="vprintf">
            <behavior symbol="function">
                <append>($[$format], $[$args])</append>
            </behavior>
        </completion>
        <completion string="vsprintf">
            <behavior symbol="function">
                <append>($[$format], $[$args])</append>
            </behavior>
        </completion>
        <completion string="wordwrap">
            <behavior symbol="function">
                <append>($[$string])</append>
            </behavior>
        </completion>
    </set>
</completions>
