<?xml version="1.0" encoding="UTF-8"?>
<completions>
    <set name="php.core.functions.zip">
        <completion string="zip_close" deprecated="true">
            <behavior symbol="function">
                <append>($[$zip])</append>
            </behavior>
        </completion>
        <completion string="zip_entry_close" deprecated="true">
            <behavior symbol="function">
                <append>($[$zip_entry])</append>
            </behavior>
        </completion>
        <completion string="zip_entry_compressedsize" deprecated="true">
            <behavior symbol="function">
                <append>($[$zip_entry])</append>
            </behavior>
        </completion>
        <completion string="zip_entry_compressionmethod" deprecated="true">
            <behavior symbol="function">
                <append>($[$zip_entry])</append>
            </behavior>
        </completion>
        <completion string="zip_entry_filesize" deprecated="true">
            <behavior symbol="function">
                <append>($[$zip_entry])</append>
            </behavior>
        </completion>
        <completion string="zip_entry_name" deprecated="true">
            <behavior symbol="function">
                <append>($[$zip_entry])</append>
            </behavior>
        </completion>
        <completion string="zip_entry_open" deprecated="true">
            <behavior symbol="function">
                <append>($[$zip], $[$zip_entry])</append>
            </behavior>
        </completion>
        <completion string="zip_entry_read" deprecated="true">
            <behavior symbol="function">
                <append>($[$zip_entry])</append>
            </behavior>
        </completion>
        <completion string="zip_open" deprecated="true">
            <behavior symbol="function">
                <append>($[$filename])</append>
            </behavior>
        </completion>
        <completion string="zip_read" deprecated="true">
            <behavior symbol="function">
                <append>($[$zip])</append>
            </behavior>
        </completion>
    </set>
</completions>
