<?xml version="1.0" encoding="UTF-8"?>
<syntax name="php_embedded" subsyntax="true">
    <!-- A syntax meant for embedding PHP code directly into template
         languages like Laravel Blade and Twig without `<?php` tags. -->
    <meta>
        <name>PHP (Embedded)</name>
        <type>script</type>
    </meta>
    
    <identifiers>
        <prefixes>
            <string>$</string>
        </prefixes>
    </identifiers>
    
    <indentation>
        <increase>
            <expression>(\{[^}\"']*$)|(\[[^\]\"']*$)|(\([^)\"']*$)|(\:[^}\"']*$)</expression>
        </increase>
        <decrease>
            <expression>^\s*(\s*/\*.*\*/\s*)*[\}\]\)\\]</expression>
        </decrease>
    </indentation>
    
    <comments>
        <single>
            <expression>//</expression>
        </single>
        <multiline>
            <starts-with>
                <expression>/*</expression>
            </starts-with>
            <ends-with>
                <expression>*/</expression>
            </ends-with>
        </multiline>
    </comments>
    
    <autoclosing-pairs>
        <pair open="{" close="}" />
        <pair open="[" close="]" />
        <pair open="(" close=")" />
        <pair open="&apos;" close="&apos;" notIn="string,regex,comment" />
        <pair open="&quot;" close="&quot;" notIn="string,regex" />
        <pair open="`" close="`" notIn="string,regex,comment" />
        <pair open="“" close="”" notIn="string,regex" />
        <pair open="‘" close="’" notIn="string,regex,comment" />
        <pair open="/**" close=" */" notIn="string,regex,comment" />
    </autoclosing-pairs>
    
    <tree-sitter language="php_only">
        <highlights />
        <injections />
        <folds />
        <symbols />
    </tree-sitter>
</syntax>
