{
    "identifier": "{{ identifier }}",
    "name": "{{ name }}",
    "organization": "{{ organization }}",
    "description": "Lorem ipsum, dolor sit amet.",
    "version": "1.0",
    "categories": ["languages"],
    
    "main": "main.js",
    
    "entitlements": {
        "process": true,
        "filesystem": "readonly"
    },
    
    "config": [
        {
            "key": "example.language-server-path",
            "title": "Language Server Path",
            "type": "path",
            "placeholder": "/usr/local/bin/example"
        }
    ]
}
