<?xml version="1.0" encoding="UTF-8"?>
<syntax name="mylang">
    <meta>
        <name>{{ name }}</name>
        <type>script</type>
        <preferred-file-extension>mylang</preferred-file-extension>
    </meta>
    
    <detectors>
        <extension priority="1.0">mylang</extension>
    </detectors>
    
    <indentation>
        <increase>
            <expression></expression>
        </increase>
        <decrease>
            <expression></expression>
        </decrease>
    </indentation>
    
    <comments>
        <single>
            <expression>//</expression>
        </single>
        <multiline>
            <starts-with>
                <expression></expression>
            </starts-with>
            <ends-with>
                <expression></expression>
            </ends-with>
        </multiline>
    </comments>
    
    <injection>
        <expression>^(mylang)$</expression>
    </injection>
    
    <tree-sitter language="mylang">
        <highlights path="highlights.scm" />
        <folds path="folds.scm" />
        <symbols path="symbols.scm" />
    </tree-sitter>
</syntax>
