[
	{
		"Chinese": "俄勒冈",
		"English": "Oregon",
		"French": "Oregon",
		"German": "Oregon",
		"Japanese": "Oregon",
		"identifier": "us-west-2",
		"latitude": "45.84",
		"longitude": "-119.71",
		"minVersion": 1,
		"section": "US"
	},
	{
		"Chinese": "北加利福尼亚",
		"English": "Northern California",
		"French": "Californie du Nord",
		"German": "Nordkalifornien",
		"Japanese": "Northern California",
		"identifier": "us-west-1",
		"latitude": "37.37",
		"longitude": "-119.23",
		"minVersion": 1,
		"section": "US"
	},
	{
		"Chinese": "北弗吉尼亚",
		"English": "Northern Virginia",
		"French": "Virginie du Nord",
		"German": "Nord-Virginia",
		"Japanese": "Northern Virginia",
		"identifier": "us-east-1",
		"latitude": "38.13",
		"longitude": "-78.45",
		"minVersion": 1,
		"section": "US"
	},
	{
		"Chinese": "俄亥俄",
		"English": "Ohio",
		"French": "Ohio",
		"German": "Ohio",
		"Japanese": "Ohio",
		"identifier": "us-east-2",
		"latitude": "39.96",
		"longitude": "-83.0",
		"minVersion": 1,
		"section": "US"
	},
	{
		"Chinese": "孟买",
		"English": "Mumbai",
		"French": "Bombay",
		"German": "Mumbai",
		"Japanese": "Mumbai",
		"identifier": "ap-south-1",
		"latitude": "19.08",
		"longitude": "72.88",
		"minVersion": 1,
		"section": "Asia Pacific"
	},
	{
		"Chinese": "海得拉巴",
		"English": "Hyderabad",
		"French": "Hyderabad",
		"German": "Hyderabad",
		"Japanese": "Hyderabad",
		"identifier": "ap-south-2",
		"latitude": "17.3850",
		"longitude": "78.4867",
		"minVersion": 1,
		"section": "Asia Pacific"
	},
	{
		"Chinese": "东京",
		"English": "Tokyo",
		"French": "Tokyo",
		"German": "Tokio",
		"Japanese": "Tokyo",
		"identifier": "ap-northeast-1",
		"latitude": "35.41",
		"longitude": "139.42",
		"minVersion": 1,
		"section": "Asia Pacific"
	},
	{
		"Chinese": "首尔",
		"English": "Seoul",
		"French": "Séoul",
		"German": "Seoul",
		"Japanese": "Seoul",
		"identifier": "ap-northeast-2",
		"latitude": "37.56",
		"longitude": "126.98",
		"minVersion": 1,
		"section": "Asia Pacific"
	},
	{
		"Chinese": "大阪市",
		"English": "Osaka",
		"French": "Osaka",
		"German": "Osaka",
		"Japanese": "Osaka",
		"identifier": "ap-northeast-3",
		"latitude": "34.69",
		"longitude": "135.5",
		"minVersion": 1,
		"section": "Asia Pacific"
	},
	{
		"Chinese": "新加坡",
		"English": "Singapore",
		"French": "Singapour",
		"German": "Singapur",
		"Japanese": "Singapore",
		"identifier": "ap-southeast-1",
		"latitude": "1.37",
		"longitude": "103.8",
		"minVersion": 1,
		"section": "Asia Pacific"
	},
	{
		"Chinese": "悉尼",
		"English": "Sydney",
		"French": "Sydney",
		"German": "Sydney",
		"Japanese": "Sydney",
		"identifier": "ap-southeast-2",
		"latitude": "-33.86",
		"longitude": "151.2",
		"minVersion": 1,
		"section": "Asia Pacific"
	},
	{
		"Chinese": "雅加达",
		"English": "Jakarta",
		"French": "Jakarta",
		"German": "Jakarta",
		"Japanese": "Jakarta",
		"identifier": "ap-southeast-3",
		"latitude": "-6.2088",
		"longitude": "106.8456",
		"minVersion": 1,
		"section": "Asia Pacific"
	},
	{
		"Chinese": "墨尔本",
		"English": "Melbourne",
		"French": "Melbourne",
		"German": "Melbourne",
		"Japanese": "Melbourne",
		"identifier": "ap-southeast-4",
		"latitude": "-37.8136",
		"longitude": "144.9631",
		"minVersion": 1,
		"section": "Asia Pacific"
	},
	{
		"Chinese": "香港",
		"English": "Hong Kong",
		"French": "Hong Kong",
		"German": "Hongkong",
		"Japanese": "Hong Kong",
		"identifier": "ap-east-1",
		"latitude": "22.3",
		"longitude": "114.16",
		"minVersion": 1,
		"section": "Asia Pacific"
	},
	{
		"Chinese": "法兰克福",
		"English": "Frankfurt",
		"French": "Francfort",
		"German": "Frankfurt",
		"Japanese": "Frankfurt",
		"identifier": "eu-central-1",
		"latitude": "50.0",
		"longitude": "8.0",
		"minVersion": 1,
		"section": "Europe"
	},
	{
		"Chinese": "苏黎世",
		"English": "Zurich",
		"French": "Zurich",
		"German": "Zürich",
		"Japanese": "Zurich",
		"identifier": "eu-central-2",
		"latitude": "47.373878",
		"longitude": "8.545094",
		"minVersion": 1,
		"section": "Europe"
	},
	{
		"Chinese": "爱尔兰",
		"English": "Ireland",
		"French": "Irlande",
		"German": "Irland",
		"Japanese": "Ireland",
		"identifier": "eu-west-1",
		"latitude": "53.0",
		"longitude": "-8.0",
		"minVersion": 1,
		"section": "Europe"
	},
	{
		"Chinese": "伦敦",
		"English": "London",
		"French": "Londres",
		"German": "London",
		"Japanese": "London",
		"identifier": "eu-west-2",
		"latitude": "51.0",
		"longitude": "-0.1",
		"minVersion": 1,
		"section": "Europe"
	},
	{
		"Chinese": "巴黎",
		"English": "Paris",
		"French": "Paris",
		"German": "Paris",
		"Japanese": "Paris",
		"identifier": "eu-west-3",
		"latitude": "48.86",
		"longitude": "2.35",
		"minVersion": 1,
		"section": "Europe"
	},
	{
		"Chinese": "斯德哥尔摩",
		"English": "Stockholm",
		"French": "Stockholm",
		"German": "Stockholm",
		"Japanese": "Stockholm",
		"identifier": "eu-north-1",
		"latitude": "59.0",
		"longitude": "18.0",
		"minVersion": 1,
		"section": "Europe"
	},
	{
		"Chinese": "米蘭",
		"English": "Milan",
		"French": "Milan",
		"German": "Mailand",
		"Japanese": "Milan",
		"identifier": "eu-south-1",
		"latitude": "45.46",
		"longitude": "9.19",
		"minVersion": 1,
		"section": "Europe"
	},
	{
		"Chinese": "西班牙",
		"English": "Spain",
		"French": "Espagne",
		"German": "Spanien",
		"Japanese": "Spain",
		"identifier": "eu-south-2",
		"latitude": "41.5976",
		"longitude": "-0.9057",
		"minVersion": 1,
		"section": "Europe"
	},
	{
		"Chinese": "阿拉伯联合酋长国",
		"English": "UAE",
		"French": "EAU",
		"German": "VAE",
		"Japanese": "UAE",
		"identifier": "me-central-1",
		"latitude": "24.4539",
		"longitude": "54.3773",
		"minVersion": 1,
		"section": "Other"
	},
	{
		"Chinese": "巴林",
		"English": "Bahrain",
		"French": "Bahreïn",
		"German": "Bahrain",
		"Japanese": "Bahrain",
		"identifier": "me-south-1",
		"latitude": "26.23",
		"longitude": "50.59",
		"minVersion": 1,
		"section": "Other"
	},
	{
		"Chinese": "特拉维夫",
		"English": "Tel Aviv",
		"French": "Tel Aviv-Jaffa",
		"German": "Tel Aviv",
		"Japanese": "Tel Aviv",
		"identifier": "il-central-1",
		"latitude": "32.0853",
		"longitude": "34.7818",
		"minVersion": 1,
		"section": "Other"
	},
	{
		"Chinese": "蒙特利尔",
		"English": "Montreal",
		"French": "Montréal",
		"German": "Montreal",
		"Japanese": "Montreal",
		"identifier": "ca-central-1",
		"latitude": "45.5",
		"longitude": "-73.6",
		"minVersion": 1,
		"section": "Canada"
	},
	{
		"Chinese": "圣保罗",
		"English": "São Paulo",
		"French": "São Paulo",
		"German": "São Paulo",
		"Japanese": "São Paulo",
		"identifier": "sa-east-1",
		"latitude": "-23.34",
		"longitude": "-46.38",
		"minVersion": 1,
		"section": "South America"
	},
	{
		"Chinese": "開普敦",
		"English": "Cape Town",
		"French": "Le Cap",
		"German": "Kapstadt",
		"Japanese": "Cape Town",
		"identifier": "af-south-1",
		"latitude": "-33.92",
		"longitude": "18.42",
		"minVersion": 1,
		"section": "Africa"
	},
	{
		"Chinese": "GovCloud US West",
		"English": "GovCloud US West",
		"French": "GovCloud US West",
		"German": "GovCloud US West",
		"Japanese": "GovCloud US West",
		"identifier": "us-gov-west-1",
		"minVersion": 1,
		"section": "GovCloud US"
	}
]

