<?xml version="1.0" encoding="UTF-8"?>
<syntax name="tsq">
    <meta>
        <name>Tree-sitter Query</name>
        <type>data</type>
        <preferred-file-extension>scm</preferred-file-extension>
    </meta>
    
    <detectors>
        <extension priority="low">scm</extension>
        <combo priority="high">
            <extension>scm</extension>
            <match-content lines="10">\(#((not-)?(eq|match)\?)|(set\!)</match-content>
        </combo>
    </detectors>
    
    <identifiers>
        <characters>
            <alphanumeric />
            <string>-_</string>
        </characters>
        <prefixes>
            <string>$</string>
        </prefixes>
    </identifiers>
    
    <indentation>
        <increase>
            <expression></expression>
        </increase>
        <decrease>
            <expression></expression>
        </decrease>
    </indentation>
    
    <comments>
        <single>
            <expression>;</expression>
        </single>
    </comments>
    
    <injection>
        <expression>^(tsq|TSQ)$</expression>
    </injection>
    
    <tree-sitter language="query">
        <highlights />
        <folds />
    </tree-sitter>
</syntax>
